{
  "name": "Copy of Migrate Google contacts to Salesforce by industry(Data_mapping)&(Lookuptable)",
  "description": "",
  "version": 31,
  "private": true,
  "concurrency": 1,
  "code": {
    "number": 0,
    "provider": "clock",
    "name": "scheduled_event",
    "as": "613d3e72",
    "title": null,
    "description": "<span class=\"provider\">Trigger</span> every 5 minutes",
    "keyword": "trigger",
    "input": {
      "time_unit": "minutes",
      "trigger_every": "5"
    },
    "extended_input_schema": [
      {
        "control_type": "integer",
        "default": "5",
        "enforce_template_mode": true,
        "extends_schema": true,
        "hint": "Define repeating schedule. Enter whole numbers only.\n                        This field can be set to a minimum of 5 minutes.",
        "label": "Trigger every",
        "name": "trigger_every",
        "optional": false,
        "suffix": {
          "text": "minutes"
        },
        "type": "string"
      },
      {
        "control_type": "select",
        "hint": "Select the timezone to use. Leave it blank to use <b>{{authUser.account_timezone}}</b>",
        "label": "Timezone",
        "name": "timezone",
        "optional": true,
        "pick_list": "timezone_id_global_pick_list",
        "pick_list_connection_less": true,
        "type": "string"
      },
      {
        "control_type": "date_time",
        "enforce_template_mode": true,
        "extends_schema": true,
        "hint": "Set date and time to start or leave blank to start immediately. <b>Once recipe has been run or tested, value cannot be changed.</b>",
        "label": "Start after",
        "name": "start_after",
        "optional": true,
        "parse_output": "date_time_conversion",
        "since_field": true,
        "type": "date_time",
        "ignore_timezone": true,
        "render_input": "date_time_conversion"
      }
    ],
    "block": [
      {
        "number": 1,
        "provider": "google_sheets",
        "name": "get_spreadsheet_rows_v4",
        "as": "2772cd5f",
        "title": null,
        "description": null,
        "keyword": "action",
        "dynamicPickListSelection": {
          "spreadsheet": "Customer Contact List"
        },
        "input": {
          "team_drives": "my_drive",
          "spreadsheet": "1v9nPKfwoE9j1pEavIhwslOJa_TKYWtPPIp2bs5dzJ7w",
          "sheet": "Sheet4",
          "range": "2:20"
        },
        "extended_output_schema": [
          {
            "control_type": "text",
            "label": "Spreadsheet ID",
            "name": "spreadsheet_id",
            "type": "string"
          },
          {
            "control_type": "text",
            "label": "Spreadsheet name",
            "name": "spreadsheet_name",
            "type": "string"
          },
          {
            "control_type": "text",
            "label": "Sheet name",
            "name": "sheet",
            "type": "string"
          },
          {
            "label": "Rows",
            "name": "rows",
            "of": "object",
            "properties": [
              {
                "control_type": "number",
                "label": "Row number",
                "parse_output": "integer_conversion",
                "type": "integer",
                "name": "row_number"
              },
              {
                "control_type": "text",
                "label": "First Name",
                "old_name": "col_First_Name",
                "custom_attribute": 1,
                "type": "string",
                "name": "col_First Name"
              },
              {
                "control_type": "text",
                "label": "Last Name",
                "old_name": "col_Last_Name",
                "custom_attribute": 2,
                "type": "string",
                "name": "col_Last Name"
              },
              {
                "control_type": "text",
                "label": "Email Address",
                "old_name": "col_Email_Address",
                "custom_attribute": 3,
                "type": "string",
                "name": "col_Email Address"
              },
              {
                "control_type": "text",
                "label": "Industry",
                "old_name": "col_Industry",
                "custom_attribute": 4,
                "type": "string",
                "name": "col_Industry"
              },
              {
                "control_type": "text",
                "label": "Status",
                "old_name": "col_Status",
                "custom_attribute": 5,
                "type": "string",
                "name": "col_Status"
              },
              {
                "control_type": "text",
                "label": "Street",
                "old_name": "col_Street",
                "custom_attribute": 6,
                "type": "string",
                "name": "col_Street"
              },
              {
                "control_type": "text",
                "label": "Phone",
                "old_name": "col_Phone",
                "custom_attribute": 7,
                "type": "string",
                "name": "col_Phone"
              },
              {
                "control_type": "text",
                "label": "Birthdate",
                "old_name": "col_Birthdate",
                "custom_attribute": 8,
                "type": "string",
                "name": "col_Birthdate"
              },
              {
                "control_type": "text",
                "label": "Postal code",
                "old_name": "col_Postal_code",
                "custom_attribute": 9,
                "type": "string",
                "name": "col_Postal code"
              }
            ],
            "type": "array"
          }
        ],
        "extended_input_schema": [
          {
            "control_type": "select",
            "extends_schema": true,
            "hint": "Select a sheet to retrieve rows. The sheet must have at least one header row and one data row. <a href='https://docs.workato.com/connectors/google-sheets/action-add-row.html#setting-up-the-google-sheet' target='_blank'>Learn more</a>",
            "label": "Sheet",
            "name": "sheet",
            "optional": false,
            "pick_list": [
              [
                "Sheet1",
                "Sheet1"
              ],
              [
                "Sheet6",
                "Sheet6"
              ],
              [
                "Sheet2",
                "Sheet2"
              ],
              [
                "Sheet3",
                "Sheet3"
              ],
              [
                "Sheet4",
                "Sheet4"
              ],
              [
                "Sheet5",
                "Sheet5"
              ]
            ],
            "toggle_field": {
              "control_type": "text",
              "label": "Sheet name",
              "toggle_hint": "Use sheet name",
              "extends_schema": true,
              "change_on_blur": true,
              "toggle_to_secondary_hint": "Use sheet name",
              "toggle_to_primary_hint": "Select a sheet",
              "hint": "Use <b>Sheet name</b> pill from the output of other Google Sheets’ triggers/actions. Or enter sheet name manually. The sheet must have at least 1 header row and 1 data row in input field.",
              "type": "string",
              "name": "sheet_name"
            },
            "toggle_hint": "Select a sheet",
            "type": "string"
          },
          {
            "control_type": "text",
            "hint": "Provide range to retrieve rows from Sheet in the format <b>Start row:End row</b>. i.e. <b>2:2000</b> Note: Range should start from second row. Since first row is the header row.",
            "label": "Range",
            "name": "range",
            "optional": true,
            "sticky": true,
            "type": "string"
          }
        ],
        "uuid": "3f316c9d-61b9-4732-8986-4115bdd5ae71"
      },
      {
        "number": 2,
        "as": "79e1a814",
        "keyword": "foreach",
        "repeat_mode": "simple",
        "clear_scope": "false",
        "input": {
        },
        "block": [
          {
            "number": 3,
            "keyword": "try",
            "input": {
            },
            "block": [
              {
                "number": 4,
                "provider": "lookup_table",
                "name": "search_entries",
                "as": "208a56f7",
                "title": null,
                "description": "\n      Search\n      <span class=\"provider\">entries</span>\n      in\n      <span class=\"provider\">US Postal Codes</span>\n      lookup table\n    ",
                "keyword": "action",
                "dynamicPickListSelection": {
                  "lookup_table_id": "US Postal Codes"
                },
                "input": {
                  "lookup_table_id": {
                    "zip_name": "us_postal_codes.lookup_table.json",
                    "name": "US Postal Codes",
                    "folder": ""
                  },
                  "parameters": {
                    "col1": "#{_dp('{\"pill_type\":\"output\",\"provider\":\"foreach\",\"line\":\"79e1a814\",\"path\":[\"col_Postal code\"]}')}"
                  }
                },
                "extended_output_schema": [
                  {
                    "label": "Entries",
                    "name": "entries",
                    "of": "object",
                    "properties": [
                      {
                        "control_type": "number",
                        "label": "Entry ID",
                        "parse_output": "integer_conversion",
                        "type": "integer",
                        "name": "id"
                      },
                      {
                        "properties": [
                          {
                            "control_type": "text",
                            "label": "Postal code",
                            "name": "col1",
                            "type": "string",
                            "sticky": true
                          },
                          {
                            "control_type": "text",
                            "label": "City",
                            "name": "col2",
                            "type": "string",
                            "sticky": true
                          }
                        ],
                        "label": "Entry",
                        "type": "object",
                        "name": "entry"
                      }
                    ],
                    "type": "array"
                  }
                ],
                "extended_input_schema": [
                  {
                    "hint": "Provide one or more entry fields to search the entry",
                    "label": "Search by",
                    "name": "parameters",
                    "properties": [
                      {
                        "control_type": "text",
                        "label": "Postal code",
                        "name": "col1",
                        "type": "string",
                        "sticky": true,
                        "optional": true
                      },
                      {
                        "control_type": "text",
                        "label": "City",
                        "name": "col2",
                        "type": "string",
                        "sticky": true,
                        "optional": true
                      }
                    ],
                    "type": "object"
                  }
                ],
                "uuid": "30568b61-75ff-4355-9fed-bdb678557f6a",
                "skip": false
              },
              {
                "number": 5,
                "keyword": "if",
                "input": {
                  "type": "compound",
                  "operand": "and",
                  "conditions": [
                    {
                      "operand": "equals_to",
                      "lhs": "#{_dp('{\"pill_type\":\"output\",\"provider\":\"foreach\",\"line\":\"79e1a814\",\"path\":[\"col_Industry\"]}')}",
                      "rhs": "Retail",
                      "uuid": "12b2a827-2376-4774-9d04-5f65c25bb360"
                    }
                  ]
                },
                "block": [
                  {
                    "number": 6,
                    "provider": "salesforce",
                    "name": "upsert_sobject",
                    "as": "deb060e7",
                    "title": "Upsert Contact",
                    "description": "Upsert <span class=\"provider\">Contact</span> in <span class=\"provider\">Salesforce</span>",
                    "keyword": "action",
                    "dynamicPickListSelection": {
                      "sobject_name": "Contact",
                      "query_field.primary_key": [
                        {
                          "label": "Last Name",
                          "value": "LastName"
                        }
                      ]
                    },
                    "input": {
                      "sobject_name": "Contact",
                      "LastName": "#{_dp('{\"pill_type\":\"output\",\"provider\":\"foreach\",\"line\":\"79e1a814\",\"path\":[\"col_Last Name\"]}')}",
                      "Email": "#{_dp('{\"pill_type\":\"output\",\"provider\":\"foreach\",\"line\":\"79e1a814\",\"path\":[\"col_Email Address\"]}')}",
                      "FirstName": "#{_dp('{\"pill_type\":\"output\",\"provider\":\"foreach\",\"line\":\"79e1a814\",\"path\":[\"col_First Name\"]}')}",
                      "query_field": {
                        "primary_key": "LastName"
                      },
                      "Birthdate": "=_dp('{\"pill_type\":\"output\",\"provider\":\"foreach\",\"line\":\"79e1a814\",\"path\":[\"col_Birthdate\"]}').to_date.strftime(\"%d-%m-%Y\")",
                      "MobilePhone": "=_dp('{\"pill_type\":\"output\",\"provider\":\"foreach\",\"line\":\"79e1a814\",\"path\":[\"col_Phone\"]}').to_phone",
                      "MailingStreet": "=_dp('{\"pill_type\":\"output\",\"provider\":\"foreach\",\"line\":\"79e1a814\",\"path\":[\"col_Street\"]}').gsub(\"_\", \" \")",
                      "MailingCity": "#{_dp('{\"pill_type\":\"output\",\"provider\":\"lookup_table\",\"line\":\"208a56f7\",\"path\":[\"entries\",{\"path_element_type\":\"current_item\"},\"entry\",\"col2\"]}')}"
                    },
                    "extended_input_schema": [
                      {
                        "control_type": "text",
                        "custom": false,
                        "hint": "Search for  where Last Name has this value. If a record already exists, it will be updated. Otherwise, a new record will be created",
                        "label": "Last Name",
                        "name": "LastName",
                        "sticky": false,
                        "type": "string",
                        "sfdc_createable": true,
                        "sfdc_updateable": true
                      },
                      {
                        "control_type": "text",
                        "custom": false,
                        "label": "Account ID",
                        "name": "AccountId",
                        "optional": true,
                        "sticky": true,
                        "type": "string",
                        "sfdc_createable": true,
                        "sfdc_updateable": true
                      },
                      {
                        "control_type": "text",
                        "custom": false,
                        "label": "Assistant's Name",
                        "name": "AssistantName",
                        "optional": true,
                        "type": "string",
                        "sfdc_createable": true,
                        "sfdc_updateable": true
                      },
                      {
                        "control_type": "phone",
                        "custom": false,
                        "label": "Asst. Phone",
                        "name": "AssistantPhone",
                        "optional": true,
                        "type": "string",
                        "sfdc_createable": true,
                        "sfdc_updateable": true
                      },
                      {
                        "control_type": "date",
                        "custom": false,
                        "label": "Birthdate",
                        "name": "Birthdate",
                        "optional": true,
                        "parse_output": "parse_iso8601_date",
                        "type": "date_time",
                        "render_input": "render_iso8601_date",
                        "sfdc_createable": true,
                        "sfdc_updateable": true
                      },
                      {
                        "control_type": "phone",
                        "custom": false,
                        "label": "Business Fax",
                        "name": "Fax",
                        "optional": true,
                        "type": "string",
                        "sfdc_createable": true,
                        "sfdc_updateable": true
                      },
                      {
                        "control_type": "phone",
                        "custom": false,
                        "label": "Business Phone",
                        "name": "Phone",
                        "optional": true,
                        "type": "string",
                        "sfdc_createable": true,
                        "sfdc_updateable": true
                      },
                      {
                        "control_type": "select",
                        "custom": false,
                        "label": "Clean Status",
                        "name": "CleanStatus",
                        "optional": true,
                        "pick_list": "sobject_field_values_list",
                        "pick_list_params": {
                          "sobject_name": "\"Contact\"",
                          "field_name": "\"CleanStatus\""
                        },
                        "toggle_field": {
                          "control_type": "text",
                          "label": "Clean Status",
                          "toggle_hint": "Enter custom value",
                          "optional": true,
                          "custom": false,
                          "sfdc_createable": true,
                          "sfdc_updateable": true,
                          "type": "string",
                          "name": "CleanStatus"
                        },
                        "toggle_hint": "Select from list",
                        "type": "string",
                        "sfdc_createable": true,
                        "sfdc_updateable": true
                      },
                      {
                        "control_type": "text-area",
                        "custom": false,
                        "label": "Contact Description",
                        "name": "Description",
                        "optional": true,
                        "type": "string",
                        "sfdc_createable": true,
                        "sfdc_updateable": true
                      },
                      {
                        "control_type": "text",
                        "custom": false,
                        "label": "Data.com Key",
                        "name": "Jigsaw",
                        "optional": true,
                        "type": "string",
                        "sfdc_createable": true,
                        "sfdc_updateable": true
                      },
                      {
                        "control_type": "text",
                        "custom": false,
                        "label": "Department",
                        "name": "Department",
                        "optional": true,
                        "type": "string",
                        "sfdc_createable": true,
                        "sfdc_updateable": true
                      },
                      {
                        "control_type": "text",
                        "custom": false,
                        "label": "Email",
                        "name": "Email",
                        "optional": true,
                        "sticky": true,
                        "type": "string",
                        "sfdc_createable": true,
                        "sfdc_updateable": true
                      },
                      {
                        "control_type": "date_time",
                        "custom": false,
                        "label": "Email Bounced Date",
                        "name": "EmailBouncedDate",
                        "optional": true,
                        "parse_output": "parse_iso8601_timestamp",
                        "type": "date_time",
                        "render_input": "render_iso8601_timestamp",
                        "sfdc_createable": true,
                        "sfdc_updateable": true
                      },
                      {
                        "control_type": "text",
                        "custom": false,
                        "label": "Email Bounced Reason",
                        "name": "EmailBouncedReason",
                        "optional": true,
                        "type": "string",
                        "sfdc_createable": true,
                        "sfdc_updateable": true
                      },
                      {
                        "control_type": "text",
                        "custom": false,
                        "label": "First Name",
                        "name": "FirstName",
                        "optional": true,
                        "sticky": true,
                        "type": "string",
                        "sfdc_createable": true,
                        "sfdc_updateable": true
                      },
                      {
                        "control_type": "phone",
                        "custom": false,
                        "label": "Home Phone",
                        "name": "HomePhone",
                        "optional": true,
                        "sticky": true,
                        "type": "string",
                        "sfdc_createable": true,
                        "sfdc_updateable": true
                      },
                      {
                        "control_type": "text",
                        "custom": false,
                        "label": "Individual ID",
                        "name": "IndividualId",
                        "optional": true,
                        "type": "string",
                        "sfdc_createable": true,
                        "sfdc_updateable": true
                      },
                      {
                        "control_type": "select",
                        "custom": false,
                        "label": "Lead Source",
                        "name": "LeadSource",
                        "optional": true,
                        "pick_list": "sobject_field_values_list",
                        "pick_list_params": {
                          "sobject_name": "\"Contact\"",
                          "field_name": "\"LeadSource\""
                        },
                        "toggle_field": {
                          "control_type": "text",
                          "label": "Lead Source",
                          "toggle_hint": "Enter custom value",
                          "optional": true,
                          "custom": false,
                          "sfdc_createable": true,
                          "sfdc_updateable": true,
                          "type": "string",
                          "name": "LeadSource"
                        },
                        "toggle_hint": "Select from list",
                        "type": "string",
                        "sfdc_createable": true,
                        "sfdc_updateable": true
                      },
                      {
                        "control_type": "text",
                        "custom": false,
                        "label": "Mailing City",
                        "name": "MailingCity",
                        "optional": true,
                        "sticky": true,
                        "type": "string",
                        "sfdc_createable": true,
                        "sfdc_updateable": true
                      },
                      {
                        "control_type": "text",
                        "custom": false,
                        "label": "Mailing Country",
                        "name": "MailingCountry",
                        "optional": true,
                        "sticky": true,
                        "type": "string",
                        "sfdc_createable": true,
                        "sfdc_updateable": true
                      },
                      {
                        "control_type": "select",
                        "custom": false,
                        "label": "Mailing Geocode Accuracy",
                        "name": "MailingGeocodeAccuracy",
                        "optional": true,
                        "pick_list": "sobject_field_values_list",
                        "pick_list_params": {
                          "sobject_name": "\"Contact\"",
                          "field_name": "\"MailingGeocodeAccuracy\""
                        },
                        "toggle_field": {
                          "control_type": "text",
                          "label": "Mailing Geocode Accuracy",
                          "toggle_hint": "Enter custom value",
                          "optional": true,
                          "custom": false,
                          "sfdc_createable": true,
                          "sfdc_updateable": true,
                          "type": "string",
                          "name": "MailingGeocodeAccuracy"
                        },
                        "toggle_hint": "Select from list",
                        "type": "string",
                        "sfdc_createable": true,
                        "sfdc_updateable": true
                      },
                      {
                        "control_type": "number",
                        "custom": false,
                        "label": "Mailing Latitude",
                        "name": "MailingLatitude",
                        "optional": true,
                        "parse_output": "float_conversion",
                        "type": "number",
                        "sfdc_createable": true,
                        "sfdc_updateable": true
                      },
                      {
                        "control_type": "number",
                        "custom": false,
                        "label": "Mailing Longitude",
                        "name": "MailingLongitude",
                        "optional": true,
                        "parse_output": "float_conversion",
                        "type": "number",
                        "sfdc_createable": true,
                        "sfdc_updateable": true
                      },
                      {
                        "control_type": "text",
                        "custom": false,
                        "label": "Mailing State/Province",
                        "name": "MailingState",
                        "optional": true,
                        "sticky": true,
                        "type": "string",
                        "sfdc_createable": true,
                        "sfdc_updateable": true
                      },
                      {
                        "control_type": "text-area",
                        "custom": false,
                        "label": "Mailing Street",
                        "name": "MailingStreet",
                        "optional": true,
                        "sticky": true,
                        "type": "string",
                        "sfdc_createable": true,
                        "sfdc_updateable": true
                      },
                      {
                        "control_type": "text",
                        "custom": false,
                        "label": "Mailing Zip/Postal Code",
                        "name": "MailingPostalCode",
                        "optional": true,
                        "sticky": true,
                        "type": "string",
                        "sfdc_createable": true,
                        "sfdc_updateable": true
                      },
                      {
                        "control_type": "phone",
                        "custom": false,
                        "label": "Mobile Phone",
                        "name": "MobilePhone",
                        "optional": true,
                        "sticky": true,
                        "type": "string",
                        "sfdc_createable": true,
                        "sfdc_updateable": true
                      },
                      {
                        "control_type": "text",
                        "custom": false,
                        "label": "Other City",
                        "name": "OtherCity",
                        "optional": true,
                        "type": "string",
                        "sfdc_createable": true,
                        "sfdc_updateable": true
                      },
                      {
                        "control_type": "text",
                        "custom": false,
                        "label": "Other Country",
                        "name": "OtherCountry",
                        "optional": true,
                        "type": "string",
                        "sfdc_createable": true,
                        "sfdc_updateable": true
                      },
                      {
                        "control_type": "select",
                        "custom": false,
                        "label": "Other Geocode Accuracy",
                        "name": "OtherGeocodeAccuracy",
                        "optional": true,
                        "pick_list": "sobject_field_values_list",
                        "pick_list_params": {
                          "sobject_name": "\"Contact\"",
                          "field_name": "\"OtherGeocodeAccuracy\""
                        },
                        "toggle_field": {
                          "control_type": "text",
                          "label": "Other Geocode Accuracy",
                          "toggle_hint": "Enter custom value",
                          "optional": true,
                          "custom": false,
                          "sfdc_createable": true,
                          "sfdc_updateable": true,
                          "type": "string",
                          "name": "OtherGeocodeAccuracy"
                        },
                        "toggle_hint": "Select from list",
                        "type": "string",
                        "sfdc_createable": true,
                        "sfdc_updateable": true
                      },
                      {
                        "control_type": "number",
                        "custom": false,
                        "label": "Other Latitude",
                        "name": "OtherLatitude",
                        "optional": true,
                        "parse_output": "float_conversion",
                        "type": "number",
                        "sfdc_createable": true,
                        "sfdc_updateable": true
                      },
                      {
                        "control_type": "number",
                        "custom": false,
                        "label": "Other Longitude",
                        "name": "OtherLongitude",
                        "optional": true,
                        "parse_output": "float_conversion",
                        "type": "number",
                        "sfdc_createable": true,
                        "sfdc_updateable": true
                      },
                      {
                        "control_type": "phone",
                        "custom": false,
                        "label": "Other Phone",
                        "name": "OtherPhone",
                        "optional": true,
                        "type": "string",
                        "sfdc_createable": true,
                        "sfdc_updateable": true
                      },
                      {
                        "control_type": "text",
                        "custom": false,
                        "label": "Other State/Province",
                        "name": "OtherState",
                        "optional": true,
                        "type": "string",
                        "sfdc_createable": true,
                        "sfdc_updateable": true
                      },
                      {
                        "control_type": "text-area",
                        "custom": false,
                        "label": "Other Street",
                        "name": "OtherStreet",
                        "optional": true,
                        "type": "string",
                        "sfdc_createable": true,
                        "sfdc_updateable": true
                      },
                      {
                        "control_type": "text",
                        "custom": false,
                        "label": "Other Zip/Postal Code",
                        "name": "OtherPostalCode",
                        "optional": true,
                        "type": "string",
                        "sfdc_createable": true,
                        "sfdc_updateable": true
                      },
                      {
                        "control_type": "text",
                        "custom": false,
                        "label": "Owner ID",
                        "name": "OwnerId",
                        "optional": true,
                        "type": "string",
                        "sfdc_createable": true,
                        "sfdc_updateable": true
                      },
                      {
                        "control_type": "text",
                        "custom": false,
                        "label": "Reports To ID",
                        "name": "ReportsToId",
                        "optional": true,
                        "type": "string",
                        "sfdc_createable": true,
                        "sfdc_updateable": true
                      },
                      {
                        "control_type": "select",
                        "custom": false,
                        "label": "Salutation",
                        "name": "Salutation",
                        "optional": true,
                        "pick_list": "sobject_field_values_list",
                        "pick_list_params": {
                          "sobject_name": "\"Contact\"",
                          "field_name": "\"Salutation\""
                        },
                        "toggle_field": {
                          "control_type": "text",
                          "label": "Salutation",
                          "toggle_hint": "Enter custom value",
                          "optional": true,
                          "custom": false,
                          "sfdc_createable": true,
                          "sfdc_updateable": true,
                          "type": "string",
                          "name": "Salutation"
                        },
                        "toggle_hint": "Select from list",
                        "type": "string",
                        "sfdc_createable": true,
                        "sfdc_updateable": true
                      },
                      {
                        "control_type": "text",
                        "custom": false,
                        "label": "Title",
                        "name": "Title",
                        "optional": true,
                        "type": "string",
                        "sfdc_createable": true,
                        "sfdc_updateable": true
                      },
                      {
                        "control_type": "text",
                        "custom": true,
                        "label": "Languages",
                        "name": "Languages__c",
                        "optional": true,
                        "type": "string",
                        "sfdc_createable": true,
                        "sfdc_updateable": true
                      },
                      {
                        "control_type": "select",
                        "custom": true,
                        "label": "Level",
                        "name": "Level__c",
                        "optional": true,
                        "pick_list": "sobject_field_values_list",
                        "pick_list_params": {
                          "sobject_name": "\"Contact\"",
                          "field_name": "\"Level__c\""
                        },
                        "toggle_field": {
                          "control_type": "text",
                          "label": "Level",
                          "toggle_hint": "Enter custom value",
                          "optional": true,
                          "custom": true,
                          "sfdc_createable": true,
                          "sfdc_updateable": true,
                          "type": "string",
                          "name": "Level__c"
                        },
                        "toggle_hint": "Select from list",
                        "type": "string",
                        "sfdc_createable": true,
                        "sfdc_updateable": true
                      }
                    ],
                    "visible_config_fields": [
                      "sobject_name",
                      "query_field",
                      "query_field.primary_key",
                      "LastName",
                      "AccountId",
                      "Email",
                      "FirstName",
                      "HomePhone",
                      "MailingCity",
                      "MailingCountry",
                      "MailingState",
                      "MailingStreet",
                      "MailingPostalCode",
                      "MobilePhone",
                      "Birthdate"
                    ],
                    "uuid": "52e843be-a991-4db4-877e-3eeee382cfea",
                    "skip": false
                  },
                  {
                    "number": 7,
                    "provider": "google_sheets",
                    "name": "update_row_v4_new",
                    "as": "a8a91143",
                    "title": null,
                    "description": null,
                    "keyword": "action",
                    "dynamicPickListSelection": {
                      "team_drives": "My Drive",
                      "spreadsheet": "Customer Contact List"
                    },
                    "input": {
                      "team_drives": "my_drive",
                      "sheet": "Sheet4",
                      "row_number": "#{_dp('{\"pill_type\":\"output\",\"provider\":\"foreach\",\"line\":\"79e1a814\",\"path\":[\"row_number\"]}')}",
                      "data": {
                        "col_Status": "OK"
                      },
                      "spreadsheet": "1v9nPKfwoE9j1pEavIhwslOJa_TKYWtPPIp2bs5dzJ7w"
                    },
                    "extended_output_schema": [
                      {
                        "label": "Columns",
                        "name": "columns",
                        "properties": [
                          {
                            "control_type": "text",
                            "label": "First Name",
                            "old_name": "col_First_Name",
                            "custom_attribute": 1,
                            "type": "string",
                            "name": "col_First Name"
                          },
                          {
                            "control_type": "text",
                            "label": "Last Name",
                            "old_name": "col_Last_Name",
                            "custom_attribute": 2,
                            "type": "string",
                            "name": "col_Last Name"
                          },
                          {
                            "control_type": "text",
                            "label": "Email Address",
                            "old_name": "col_Email_Address",
                            "custom_attribute": 3,
                            "type": "string",
                            "name": "col_Email Address"
                          },
                          {
                            "control_type": "text",
                            "label": "Industry",
                            "old_name": "col_Industry",
                            "custom_attribute": 4,
                            "type": "string",
                            "name": "col_Industry"
                          },
                          {
                            "control_type": "text",
                            "label": "Status",
                            "old_name": "col_Status",
                            "custom_attribute": 5,
                            "type": "string",
                            "name": "col_Status"
                          },
                          {
                            "control_type": "text",
                            "label": "Street",
                            "old_name": "col_Street",
                            "custom_attribute": 6,
                            "type": "string",
                            "name": "col_Street"
                          },
                          {
                            "control_type": "text",
                            "label": "Phone",
                            "old_name": "col_Phone",
                            "custom_attribute": 7,
                            "type": "string",
                            "name": "col_Phone"
                          },
                          {
                            "control_type": "text",
                            "label": "Birthdate",
                            "old_name": "col_Birthdate",
                            "custom_attribute": 8,
                            "type": "string",
                            "name": "col_Birthdate"
                          },
                          {
                            "control_type": "text",
                            "label": "Postal code",
                            "old_name": "col_Postal_code",
                            "custom_attribute": 9,
                            "type": "string",
                            "name": "col_Postal code"
                          }
                        ],
                        "type": "object"
                      }
                    ],
                    "extended_input_schema": [
                      {
                        "control_type": "select",
                        "extends_schema": true,
                        "hint": "Select a sheet to update row. The sheet must have at least one header row and one data row. <a href='https://docs.workato.com/connectors/google-sheets/action-add-row.html#setting-up-the-google-sheet' target='_blank'>Learn more</a>",
                        "label": "Sheet",
                        "name": "sheet",
                        "optional": false,
                        "pick_list": [
                          [
                            "Sheet1",
                            "Sheet1"
                          ],
                          [
                            "Sheet6",
                            "Sheet6"
                          ],
                          [
                            "Sheet2",
                            "Sheet2"
                          ],
                          [
                            "Sheet3",
                            "Sheet3"
                          ],
                          [
                            "Sheet4",
                            "Sheet4"
                          ],
                          [
                            "Sheet5",
                            "Sheet5"
                          ]
                        ],
                        "toggle_field": {
                          "control_type": "text",
                          "label": "Sheet name",
                          "toggle_hint": "Use sheet name",
                          "extends_schema": true,
                          "change_on_blur": true,
                          "toggle_to_secondary_hint": "Use sheet name",
                          "toggle_to_primary_hint": "Select a sheet",
                          "hint": "Use <b>Sheet name</b> pill from the output of other Google Sheets’ triggers/actions. Or enter sheet name manually. The sheet must have at least 1 header row and 1 data row in input field.",
                          "type": "string",
                          "name": "sheet_name"
                        },
                        "toggle_hint": "Select a sheet",
                        "type": "string"
                      },
                      {
                        "control_type": "text",
                        "hint": "Enter the row number of the row you want to update. Or use <b>Row number</b> data pill from the output of other Google Sheets’s triggers & actions.",
                        "label": "Row number",
                        "name": "row_number",
                        "optional": false,
                        "type": "string"
                      },
                      {
                        "hint": "Input new values to update the row.",
                        "label": "Columns",
                        "name": "data",
                        "properties": [
                          {
                            "control_type": "text",
                            "label": "First Name",
                            "optional": true,
                            "sticky": true,
                            "type": "string",
                            "name": "col_First Name"
                          },
                          {
                            "control_type": "text",
                            "label": "Last Name",
                            "optional": true,
                            "sticky": true,
                            "type": "string",
                            "name": "col_Last Name"
                          },
                          {
                            "control_type": "text",
                            "label": "Email Address",
                            "optional": true,
                            "sticky": true,
                            "type": "string",
                            "name": "col_Email Address"
                          },
                          {
                            "control_type": "text",
                            "label": "Industry",
                            "optional": true,
                            "sticky": true,
                            "type": "string",
                            "name": "col_Industry"
                          },
                          {
                            "control_type": "text",
                            "label": "Status",
                            "optional": true,
                            "sticky": true,
                            "type": "string",
                            "name": "col_Status"
                          },
                          {
                            "control_type": "text",
                            "label": "Street",
                            "optional": true,
                            "sticky": true,
                            "type": "string",
                            "name": "col_Street"
                          },
                          {
                            "control_type": "text",
                            "label": "Phone",
                            "optional": true,
                            "sticky": true,
                            "type": "string",
                            "name": "col_Phone"
                          },
                          {
                            "control_type": "text",
                            "label": "Birthdate",
                            "optional": true,
                            "sticky": true,
                            "type": "string",
                            "name": "col_Birthdate"
                          },
                          {
                            "control_type": "text",
                            "label": "Postal code",
                            "optional": true,
                            "sticky": true,
                            "type": "string",
                            "name": "col_Postal code"
                          }
                        ],
                        "sticky": true,
                        "type": "object"
                      }
                    ],
                    "uuid": "272f3ee4-605b-493e-b380-edc9ff8d8be2",
                    "skip": false
                  },
                  {
                    "number": 8,
                    "keyword": "else",
                    "input": {
                    },
                    "block": [
                      {
                        "number": 9,
                        "provider": "logger",
                        "name": "log_message",
                        "as": "9c13043c",
                        "title": null,
                        "description": "Log <span class=\"provider\">message</span> to <span class=\"provider\">Job report</span>",
                        "keyword": "action",
                        "input": {
                          "message": "#{_dp('{\"pill_type\":\"output\",\"provider\":\"foreach\",\"line\":\"79e1a814\",\"path\":[\"col_Industry\"]}')}"
                        },
                        "uuid": "034c2eb3-6926-4ebd-8289-a6a088beca79",
                        "skip": false
                      }
                    ],
                    "uuid": "c9d910a7-5a7d-4122-8ad0-ea98b459da9f",
                    "skip": false
                  }
                ],
                "uuid": "e1efbda6-4c94-496f-ae43-20977f955b76",
                "skip": false
              },
              {
                "number": 10,
                "as": "c968cfde",
                "keyword": "catch",
                "input": {
                  "max_retry_count": "3",
                  "retry_interval": "2"
                },
                "block": [
                  {
                    "number": 11,
                    "provider": "logger",
                    "name": "log_message",
                    "as": "8035e8e4",
                    "title": null,
                    "description": "Log <span class=\"provider\">message</span> to <span class=\"provider\">Job report</span>",
                    "keyword": "action",
                    "input": {
                      "message": "ERROR: #{_dp('{\"pill_type\":\"output\",\"provider\":\"catch\",\"line\":\"c968cfde\",\"path\":[\"message\"]}')}"
                    },
                    "uuid": "40709133-9ea6-4753-a813-8b4eb7674ad4",
                    "skip": false
                  },
                  {
                    "number": 12,
                    "provider": "google_sheets",
                    "name": "update_row_v4_new",
                    "as": "e107139c",
                    "title": null,
                    "description": null,
                    "keyword": "action",
                    "dynamicPickListSelection": {
                      "spreadsheet": "Customer Contact List"
                    },
                    "input": {
                      "team_drives": "my_drive",
                      "spreadsheet": "1v9nPKfwoE9j1pEavIhwslOJa_TKYWtPPIp2bs5dzJ7w",
                      "sheet": "Sheet4",
                      "row_number": "#{_dp('{\"pill_type\":\"output\",\"provider\":\"foreach\",\"line\":\"79e1a814\",\"path\":[\"row_number\"]}')}",
                      "data": {
                        "col_Status": "ERROR:- #{_dp('{\"pill_type\":\"output\",\"provider\":\"catch\",\"line\":\"c968cfde\",\"path\":[\"message\"]}')}"
                      }
                    },
                    "extended_output_schema": [
                      {
                        "label": "Columns",
                        "name": "columns",
                        "properties": [
                          {
                            "control_type": "text",
                            "label": "First Name",
                            "old_name": "col_First_Name",
                            "custom_attribute": 1,
                            "type": "string",
                            "name": "col_First Name"
                          },
                          {
                            "control_type": "text",
                            "label": "Last Name",
                            "old_name": "col_Last_Name",
                            "custom_attribute": 2,
                            "type": "string",
                            "name": "col_Last Name"
                          },
                          {
                            "control_type": "text",
                            "label": "Email Address",
                            "old_name": "col_Email_Address",
                            "custom_attribute": 3,
                            "type": "string",
                            "name": "col_Email Address"
                          },
                          {
                            "control_type": "text",
                            "label": "Industry",
                            "old_name": "col_Industry",
                            "custom_attribute": 4,
                            "type": "string",
                            "name": "col_Industry"
                          },
                          {
                            "control_type": "text",
                            "label": "Status",
                            "old_name": "col_Status",
                            "custom_attribute": 5,
                            "type": "string",
                            "name": "col_Status"
                          },
                          {
                            "control_type": "text",
                            "label": "Street",
                            "old_name": "col_Street",
                            "custom_attribute": 6,
                            "type": "string",
                            "name": "col_Street"
                          },
                          {
                            "control_type": "text",
                            "label": "Phone",
                            "old_name": "col_Phone",
                            "custom_attribute": 7,
                            "type": "string",
                            "name": "col_Phone"
                          },
                          {
                            "control_type": "text",
                            "label": "Birthdate",
                            "old_name": "col_Birthdate",
                            "custom_attribute": 8,
                            "type": "string",
                            "name": "col_Birthdate"
                          },
                          {
                            "control_type": "text",
                            "label": "Postal code",
                            "old_name": "col_Postal_code",
                            "custom_attribute": 9,
                            "type": "string",
                            "name": "col_Postal code"
                          }
                        ],
                        "type": "object"
                      }
                    ],
                    "extended_input_schema": [
                      {
                        "control_type": "select",
                        "extends_schema": true,
                        "hint": "Select a sheet to update row. The sheet must have at least one header row and one data row. <a href='https://docs.workato.com/connectors/google-sheets/action-add-row.html#setting-up-the-google-sheet' target='_blank'>Learn more</a>",
                        "label": "Sheet",
                        "name": "sheet",
                        "optional": false,
                        "pick_list": [
                          [
                            "Sheet1",
                            "Sheet1"
                          ],
                          [
                            "Sheet6",
                            "Sheet6"
                          ],
                          [
                            "Sheet2",
                            "Sheet2"
                          ],
                          [
                            "Sheet3",
                            "Sheet3"
                          ],
                          [
                            "Sheet4",
                            "Sheet4"
                          ],
                          [
                            "Sheet5",
                            "Sheet5"
                          ]
                        ],
                        "toggle_field": {
                          "control_type": "text",
                          "label": "Sheet name",
                          "toggle_hint": "Use sheet name",
                          "extends_schema": true,
                          "change_on_blur": true,
                          "toggle_to_secondary_hint": "Use sheet name",
                          "toggle_to_primary_hint": "Select a sheet",
                          "hint": "Use <b>Sheet name</b> pill from the output of other Google Sheets’ triggers/actions. Or enter sheet name manually. The sheet must have at least 1 header row and 1 data row in input field.",
                          "type": "string",
                          "name": "sheet_name"
                        },
                        "toggle_hint": "Select a sheet",
                        "type": "string"
                      },
                      {
                        "control_type": "text",
                        "hint": "Enter the row number of the row you want to update. Or use <b>Row number</b> data pill from the output of other Google Sheets’s triggers & actions.",
                        "label": "Row number",
                        "name": "row_number",
                        "optional": false,
                        "type": "string"
                      },
                      {
                        "hint": "Input new values to update the row.",
                        "label": "Columns",
                        "name": "data",
                        "properties": [
                          {
                            "control_type": "text",
                            "label": "First Name",
                            "optional": true,
                            "sticky": true,
                            "type": "string",
                            "name": "col_First Name"
                          },
                          {
                            "control_type": "text",
                            "label": "Last Name",
                            "optional": true,
                            "sticky": true,
                            "type": "string",
                            "name": "col_Last Name"
                          },
                          {
                            "control_type": "text",
                            "label": "Email Address",
                            "optional": true,
                            "sticky": true,
                            "type": "string",
                            "name": "col_Email Address"
                          },
                          {
                            "control_type": "text",
                            "label": "Industry",
                            "optional": true,
                            "sticky": true,
                            "type": "string",
                            "name": "col_Industry"
                          },
                          {
                            "control_type": "text",
                            "label": "Status",
                            "optional": true,
                            "sticky": true,
                            "type": "string",
                            "name": "col_Status"
                          },
                          {
                            "control_type": "text",
                            "label": "Street",
                            "optional": true,
                            "sticky": true,
                            "type": "string",
                            "name": "col_Street"
                          },
                          {
                            "control_type": "text",
                            "label": "Phone",
                            "optional": true,
                            "sticky": true,
                            "type": "string",
                            "name": "col_Phone"
                          },
                          {
                            "control_type": "text",
                            "label": "Birthdate",
                            "optional": true,
                            "sticky": true,
                            "type": "string",
                            "name": "col_Birthdate"
                          },
                          {
                            "control_type": "text",
                            "label": "Postal code",
                            "optional": true,
                            "sticky": true,
                            "type": "string",
                            "name": "col_Postal code"
                          }
                        ],
                        "sticky": true,
                        "type": "object"
                      }
                    ],
                    "uuid": "f36d85d4-4f26-48a6-aec5-69e364de65f3",
                    "skip": false
                  }
                ],
                "uuid": "1b0a81be-b758-4a64-a2de-2a7609766580",
                "skip": false
              }
            ],
            "uuid": "d1760e51-ce33-4759-a5b5-0a5f16fcb3d9",
            "skip": false
          }
        ],
        "source": "#{_dp('{\"pill_type\":\"output\",\"provider\":\"google_sheets\",\"line\":\"2772cd5f\",\"path\":[\"rows\"]}')}",
        "uuid": "d27f06f8-ffa5-4abe-9e38-b697d636c27f",
        "skip": false
      }
    ],
    "uuid": "27a4c491-5155-4bbd-a3df-4939c4016c43",
    "unfinished": false
  },
  "config": [
    {
      "keyword": "application",
      "provider": "clock",
      "skip_validation": false,
      "account_id": null
    },
    {
      "keyword": "application",
      "provider": "google_sheets",
      "skip_validation": false,
      "account_id": {
        "zip_name": "Automation Pro Training/Pro1/my_google_sheets_account.connection.json",
        "name": "My Google Sheets account",
        "folder": "Automation Pro Training/Pro1"
      }
    },
    {
      "keyword": "application",
      "provider": "salesforce",
      "skip_validation": false,
      "account_id": {
        "zip_name": "Automation Pro Training/Pro1/my_salesforce_account.connection.json",
        "name": "My Salesforce account",
        "folder": "Automation Pro Training/Pro1"
      }
    },
    {
      "keyword": "application",
      "provider": "logger",
      "skip_validation": false,
      "account_id": null
    },
    {
      "keyword": "application",
      "provider": "lookup_table",
      "skip_validation": false,
      "account_id": null
    }
  ]
}