{
  "name": "drive",
  "schema": [
    {
      "control_type": "text",
      "label": "First Name",
      "name": "col1",
      "type": "string",
      "sticky": true
    },
    {
      "control_type": "text",
      "label": "Last Name",
      "name": "col2",
      "type": "string",
      "sticky": true
    },
    {
      "control_type": "text",
      "label": "Email Address",
      "name": "col3",
      "type": "string",
      "sticky": true
    },
    {
      "control_type": "text",
      "label": "Industry",
      "name": "col4",
      "type": "string",
      "sticky": true
    },
    {
      "control_type": "text",
      "label": "Status",
      "name": "col5",
      "type": "string",
      "sticky": true
    },
    {
      "control_type": "text",
      "label": "Street",
      "name": "col6",
      "type": "string",
      "sticky": true
    },
    {
      "control_type": "text",
      "label": "Phone",
      "name": "col7",
      "type": "string",
      "sticky": true
    },
    {
      "control_type": "text",
      "label": "Untitled column 8",
      "name": "col8",
      "type": "string",
      "sticky": false
    },
    {
      "control_type": "text",
      "label": "Untitled column 9",
      "name": "col9",
      "type": "string",
      "sticky": false
    },
    {
      "control_type": "text",
      "label": "Untitled column 10",
      "name": "col10",
      "type": "string",
      "sticky": false
    }
  ]
}