{
  "name": "Use Case of Lists",
  "description": "",
  "version": 12,
  "private": true,
  "concurrency": 1,
  "code": {
    "number": 0,
    "provider": "clock",
    "name": "scheduled_event",
    "as": "2df13f94",
    "title": null,
    "description": "<span class=\"provider\">Trigger</span> every 5 minutes",
    "keyword": "trigger",
    "input": {
      "time_unit": "minutes",
      "trigger_every": "5"
    },
    "extended_input_schema": [
      {
        "control_type": "integer",
        "default": "5",
        "enforce_template_mode": true,
        "extends_schema": true,
        "hint": "Define repeating schedule. Enter whole numbers only.\n                        This field can be set to a minimum of 5 minutes.",
        "label": "Trigger every",
        "name": "trigger_every",
        "optional": false,
        "suffix": {
          "text": "minutes"
        },
        "type": "string"
      },
      {
        "control_type": "select",
        "hint": "Select the timezone to use. Leave it blank to use <b>{{authUser.account_timezone}}</b>",
        "label": "Timezone",
        "name": "timezone",
        "optional": true,
        "pick_list": "timezone_id_global_pick_list",
        "pick_list_connection_less": true,
        "type": "string"
      },
      {
        "control_type": "date_time",
        "enforce_template_mode": true,
        "extends_schema": true,
        "hint": "Set date and time to start or leave blank to start immediately. <b>Once recipe has been run or tested, value cannot be changed.</b>",
        "label": "Start after",
        "name": "start_after",
        "optional": true,
        "parse_output": "date_time_conversion",
        "since_field": true,
        "type": "date_time",
        "ignore_timezone": true,
        "render_input": "date_time_conversion"
      }
    ],
    "block": [
      {
        "number": 1,
        "keyword": "try",
        "input": {
        },
        "block": [
          {
            "number": 2,
            "provider": "workato_variable",
            "name": "declare_list",
            "as": "b9f9bc29",
            "title": " Create Employees list",
            "description": "Create <span class=\"provider\">Employees</span> list",
            "keyword": "action",
            "input": {
              "name": "Employees",
              "list_item_schema_json": "[{\"name\":\"Employees\",\"type\":\"array\",\"of\":\"object\",\"label\":\"Employees\",\"properties\":[{\"control_type\":\"text\",\"label\":\"Emp ID\",\"type\":\"string\",\"name\":\"empId\"},{\"control_type\":\"text\",\"label\":\"Full name\",\"type\":\"string\",\"name\":\"fullName\"},{\"control_type\":\"text\",\"label\":\"Contact\",\"type\":\"string\",\"name\":\"contact\"},{\"control_type\":\"text\",\"label\":\"Email\",\"type\":\"string\",\"name\":\"email\"}]}]"
            },
            "extended_output_schema": [
              {
                "hint": "",
                "label": "Employees",
                "name": "list_items",
                "of": "object",
                "optional": false,
                "properties": [
                  {
                    "name": "Employees",
                    "type": "array",
                    "of": "object",
                    "label": "Employees",
                    "properties": [
                      {
                        "control_type": "text",
                        "label": "Emp ID",
                        "type": "string",
                        "name": "empId"
                      },
                      {
                        "control_type": "text",
                        "label": "Full name",
                        "type": "string",
                        "name": "fullName"
                      },
                      {
                        "control_type": "text",
                        "label": "Contact",
                        "type": "string",
                        "name": "contact"
                      },
                      {
                        "control_type": "text",
                        "label": "Email",
                        "type": "string",
                        "name": "email"
                      }
                    ]
                  }
                ],
                "type": "array"
              }
            ],
            "extended_input_schema": [
              {
                "hint": "Set the initial items in the list. Defaults to an empty list if not supplied.",
                "label": "Items",
                "name": "list_items",
                "of": "object",
                "optional": true,
                "properties": [
                  {
                    "name": "Employees",
                    "type": "array",
                    "of": "object",
                    "label": "Employees",
                    "properties": [
                      {
                        "control_type": "text",
                        "label": "Emp ID",
                        "type": "string",
                        "name": "empId"
                      },
                      {
                        "control_type": "text",
                        "label": "Full name",
                        "type": "string",
                        "name": "fullName"
                      },
                      {
                        "control_type": "text",
                        "label": "Contact",
                        "type": "string",
                        "name": "contact"
                      },
                      {
                        "control_type": "text",
                        "label": "Email",
                        "type": "string",
                        "name": "email"
                      }
                    ]
                  }
                ],
                "type": "array"
              }
            ],
            "uuid": "d35aed6d-7d97-4416-8213-917f4a9c03a1"
          },
          {
            "number": 3,
            "provider": "json_parser",
            "name": "parse_json",
            "as": "151104d4",
            "title": null,
            "description": null,
            "keyword": "action",
            "input": {
              "sample_document": "{\n  \"Employees\": [\n    {\n      \"empId\": \"EMP01\",\n      \"jobTitle\": \"Developer\",\n      \"firstName\": \"Akhil\",\n      \"lastName\": \"Elka\",\n      \"fullName\": \"Akhil Elka\",\n      \"address\": \"hyd, TS, India\",\n      \"contact\": \"+91-9999999999\",\n      \"email\": \"elkaakhil1999@gmail.com\"\n    },\n    {\n      \"empId\": \"EMP02\",\n      \"jobTitle\": \"Jr. Developer\",\n      \"firstName\": \"Alvin\",\n      \"lastName\": \"Alexander\",\n      \"fullName\": \"Alvin Alexander\",\n      \"address\": \"New Delhi, India\",\n      \"contact\": \"+91-9999999997\",\n      \"email\": \"heyitsalvinalex@gmail.com\"\n    },\n    {\n      \"empId\": \"EMP03\",\n      \"jobTitle\": \"Manager\",\n      \"firstName\": \"Kuldeep\",\n      \"lastName\": \"Tak\",\n      \"fullName\": \"Kuldeep Tak\",\n      \"address\": \"Mumbai, India\",\n      \"contact\": \"+91-9999999998\",\n      \"email\": \"kdtak13@gmail.com\"\n    }\n  ]\n}",
              "document": "{\n  \"Employees\": [\n    {\n      \"empId\": \"EMP01\",\n      \"jobTitle\": \"Developer\",\n      \"firstName\": \"Akhil\",\n      \"lastName\": \"Elka\",\n      \"fullName\": \"Akhil Elka\",\n      \"address\": \"hyd, TS, India\",\n      \"contact\": \"+91-9999999999\",\n      \"email\": \"elkaakhil1999@gmail.com\"\n    },\n    {\n      \"empId\": \"EMP02\",\n      \"jobTitle\": \"Jr. Developer\",\n      \"firstName\": \"Alvin\",\n      \"lastName\": \"Alexander\",\n      \"fullName\": \"Alvin Alexander\",\n      \"address\": \"New Delhi, India\",\n      \"contact\": \"+91-9999999997\",\n      \"email\": \"heyitsalvinalex@gmail.com\"\n    },\n    {\n      \"empId\": \"EMP03\",\n      \"jobTitle\": \"Manager\",\n      \"firstName\": \"Kuldeep\",\n      \"lastName\": \"Tak\",\n      \"fullName\": \"Kuldeep Tak\",\n      \"address\": \"Mumbai, India\",\n      \"contact\": \"+91-9999999998\",\n      \"email\": \"kdtak13@gmail.com\"\n    }\n  ]\n}"
            },
            "extended_output_schema": [
              {
                "label": "Document",
                "name": "document",
                "properties": [
                  {
                    "name": "Employees",
                    "type": "array",
                    "of": "object",
                    "label": "Employees",
                    "properties": [
                      {
                        "control_type": "text",
                        "label": "Emp ID",
                        "type": "string",
                        "name": "empId"
                      },
                      {
                        "control_type": "text",
                        "label": "Job title",
                        "type": "string",
                        "name": "jobTitle"
                      },
                      {
                        "control_type": "text",
                        "label": "First name",
                        "type": "string",
                        "name": "firstName"
                      },
                      {
                        "control_type": "text",
                        "label": "Last name",
                        "type": "string",
                        "name": "lastName"
                      },
                      {
                        "control_type": "text",
                        "label": "Full name",
                        "type": "string",
                        "name": "fullName"
                      },
                      {
                        "control_type": "text",
                        "label": "Address",
                        "type": "string",
                        "name": "address"
                      },
                      {
                        "control_type": "text",
                        "label": "Contact",
                        "type": "string",
                        "name": "contact"
                      },
                      {
                        "control_type": "text",
                        "label": "Email",
                        "type": "string",
                        "name": "email"
                      }
                    ]
                  }
                ],
                "type": "object"
              }
            ],
            "extended_input_schema": [
              {
                "label": "Edit schema",
                "name": "edit_schema",
                "optional": true,
                "properties": [
                  {
                    "control_type": "multiselect",
                    "label": "Override fields",
                    "pick_list": [
                      [
                        "document > Employees > empId",
                        "document__sep__Employees__sep__empId"
                      ],
                      [
                        "document > Employees > jobTitle",
                        "document__sep__Employees__sep__jobTitle"
                      ],
                      [
                        "document > Employees > firstName",
                        "document__sep__Employees__sep__firstName"
                      ],
                      [
                        "document > Employees > lastName",
                        "document__sep__Employees__sep__lastName"
                      ],
                      [
                        "document > Employees > fullName",
                        "document__sep__Employees__sep__fullName"
                      ],
                      [
                        "document > Employees > address",
                        "document__sep__Employees__sep__address"
                      ],
                      [
                        "document > Employees > contact",
                        "document__sep__Employees__sep__contact"
                      ],
                      [
                        "document > Employees > email",
                        "document__sep__Employees__sep__email"
                      ]
                    ],
                    "optional": true,
                    "extends_schema": true,
                    "type": "string",
                    "name": "override_fields_picklist"
                  }
                ],
                "sticky": false,
                "type": "object"
              }
            ],
            "uuid": "ae302802-e79f-434f-8324-d024114c195d"
          },
          {
            "number": 4,
            "as": "ade054d5",
            "keyword": "foreach",
            "repeat_mode": "simple",
            "clear_scope": "false",
            "input": {
            },
            "block": [
              {
                "number": 5,
                "provider": "workato_variable",
                "name": "insert_to_list_batch",
                "as": "722c925a",
                "title": "Add items to Employees list",
                "description": "Add <span class=\"provider\">items</span> to <span class=\"provider\">Employees</span> list",
                "keyword": "action",
                "dynamicPickListSelection": {
                  "name": "Employees (step 3)"
                },
                "input": {
                  "location": "end",
                  "name": "d35aed6d-7d97-4416-8213-917f4a9c03a1:b9f9bc29",
                  "list_items": {
                    "Employees": {
                      "empId": "#{_dp('{\"pill_type\":\"output\",\"provider\":\"foreach\",\"line\":\"ade054d5\",\"path\":[\"empId\"]}')}",
                      "fullName": "#{_dp('{\"pill_type\":\"output\",\"provider\":\"foreach\",\"line\":\"ade054d5\",\"path\":[\"fullName\"]}')}",
                      "contact": "#{_dp('{\"pill_type\":\"output\",\"provider\":\"foreach\",\"line\":\"ade054d5\",\"path\":[\"contact\"]}')}",
                      "email": "#{_dp('{\"pill_type\":\"output\",\"provider\":\"foreach\",\"line\":\"ade054d5\",\"path\":[\"email\"]}')}"
                    }
                  }
                },
                "extended_input_schema": [
                  {
                    "hint": "",
                    "label": "List items",
                    "name": "list_items",
                    "of": "object",
                    "optional": false,
                    "properties": [
                      {
                        "name": "Employees",
                        "type": "array",
                        "of": "object",
                        "label": "Employees",
                        "properties": [
                          {
                            "control_type": "text",
                            "label": "Emp ID",
                            "type": "string",
                            "name": "empId"
                          },
                          {
                            "control_type": "text",
                            "label": "Full name",
                            "type": "string",
                            "name": "fullName"
                          },
                          {
                            "control_type": "text",
                            "label": "Contact",
                            "type": "string",
                            "name": "contact"
                          },
                          {
                            "control_type": "text",
                            "label": "Email",
                            "type": "string",
                            "name": "email"
                          }
                        ]
                      }
                    ],
                    "type": "array"
                  }
                ],
                "uuid": "287690c3-6654-4487-9a29-6660c4208e13"
              }
            ],
            "source": "#{_dp('{\"pill_type\":\"output\",\"provider\":\"json_parser\",\"line\":\"151104d4\",\"path\":[\"document\",\"Employees\"]}')}",
            "uuid": "12c3d750-da4e-4053-a024-7df13b0a752e"
          },
          {
            "number": 6,
            "provider": "logger",
            "name": "log_message",
            "as": "03668d6d",
            "title": null,
            "description": "Log <span class=\"provider\">message</span> to <span class=\"provider\">Job report</span>",
            "keyword": "action",
            "input": {
              "message": "=_dp('{\"pill_type\":\"output\",\"provider\":\"workato_variable\",\"line\":\"b9f9bc29\",\"path\":[\"list_items\"]}')"
            },
            "uuid": "5a912432-23ae-421b-b3ae-4ce245bcd3e3"
          },
          {
            "number": 7,
            "as": "347596a2",
            "keyword": "catch",
            "input": {
              "max_retry_count": "3",
              "retry_interval": "2"
            },
            "block": [
              {
                "number": 8,
                "provider": "logger",
                "name": "log_message",
                "as": "825870e7",
                "title": null,
                "description": "Log <span class=\"provider\">message</span> to <span class=\"provider\">Job report</span>",
                "keyword": "action",
                "input": {
                  "message": "#{_dp('{\"pill_type\":\"output\",\"provider\":\"catch\",\"line\":\"347596a2\",\"path\":[\"message\"]}')}"
                },
                "uuid": "1875d174-a311-44d4-88a5-63923833234a"
              }
            ],
            "uuid": "c104f41e-210a-4e05-b33e-819415b1b790"
          }
        ],
        "uuid": "958bb946-dd46-4344-8df9-a4b939c8b919"
      }
    ],
    "uuid": "077a6ed5-b9b8-4373-b7d4-f5780d229048",
    "unfinished": false
  },
  "config": [
    {
      "keyword": "application",
      "provider": "clock",
      "skip_validation": false,
      "account_id": null
    },
    {
      "keyword": "application",
      "provider": "workato_variable",
      "skip_validation": false,
      "account_id": null
    },
    {
      "keyword": "application",
      "provider": "json_parser",
      "skip_validation": false,
      "account_id": null
    },
    {
      "keyword": "application",
      "provider": "logger",
      "skip_validation": false,
      "account_id": null
    }
  ]
}