{
  "name": "Use case of lookup tabels",
  "description": "",
  "version": 19,
  "private": true,
  "concurrency": 1,
  "code": {
    "number": 0,
    "provider": "clock",
    "name": "scheduled_event",
    "as": "70e7e594",
    "title": null,
    "description": "<span class=\"provider\">Trigger</span> every 5 minutes",
    "keyword": "trigger",
    "input": {
      "time_unit": "minutes",
      "trigger_every": "5"
    },
    "extended_input_schema": [
      {
        "control_type": "integer",
        "default": "5",
        "enforce_template_mode": true,
        "extends_schema": true,
        "hint": "Define repeating schedule. Enter whole numbers only.\n                        This field can be set to a minimum of 5 minutes.",
        "label": "Trigger every",
        "name": "trigger_every",
        "optional": false,
        "suffix": {
          "text": "minutes"
        },
        "type": "string"
      },
      {
        "control_type": "select",
        "hint": "Select the timezone to use. Leave it blank to use <b>{{authUser.account_timezone}}</b>",
        "label": "Timezone",
        "name": "timezone",
        "optional": true,
        "pick_list": "timezone_id_global_pick_list",
        "pick_list_connection_less": true,
        "type": "string"
      },
      {
        "control_type": "date_time",
        "enforce_template_mode": true,
        "extends_schema": true,
        "hint": "Set date and time to start or leave blank to start immediately. <b>Once recipe has been run or tested, value cannot be changed.</b>",
        "label": "Start after",
        "name": "start_after",
        "optional": true,
        "parse_output": "date_time_conversion",
        "since_field": true,
        "type": "date_time",
        "ignore_timezone": true,
        "render_input": "date_time_conversion"
      }
    ],
    "block": [
      {
        "number": 1,
        "keyword": "try",
        "input": {
        },
        "block": [
          {
            "number": 2,
            "provider": "lookup_table",
            "name": "search_entries",
            "as": "47309239",
            "title": null,
            "description": "\n      Search\n      <span class=\"provider\">entries</span>\n      in\n      <span class=\"provider\">Employee details</span>\n      lookup table\n    ",
            "keyword": "action",
            "dynamicPickListSelection": {
              "lookup_table_id": "Employee details"
            },
            "input": {
              "lookup_table_id": {
                "zip_name": "employee_details.lookup_table.json",
                "name": "Employee details",
                "folder": ""
              },
              "parameters": {
                "col3": "Sales"
              }
            },
            "extended_output_schema": [
              {
                "label": "Entries",
                "name": "entries",
                "of": "object",
                "properties": [
                  {
                    "control_type": "number",
                    "label": "Entry ID",
                    "parse_output": "integer_conversion",
                    "type": "integer",
                    "name": "id"
                  },
                  {
                    "properties": [
                      {
                        "control_type": "text",
                        "label": "Employee ID\t",
                        "name": "col1",
                        "type": "string",
                        "sticky": true
                      },
                      {
                        "control_type": "text",
                        "label": "Name",
                        "name": "col2",
                        "type": "string",
                        "sticky": true
                      },
                      {
                        "control_type": "text",
                        "label": "Department",
                        "name": "col3",
                        "type": "string",
                        "sticky": true
                      },
                      {
                        "control_type": "text",
                        "label": "Email",
                        "name": "col4",
                        "type": "string",
                        "sticky": true
                      },
                      {
                        "control_type": "text",
                        "label": "Phone Number\t",
                        "name": "col5",
                        "type": "string",
                        "sticky": true
                      }
                    ],
                    "label": "Entry",
                    "type": "object",
                    "name": "entry"
                  }
                ],
                "type": "array"
              }
            ],
            "extended_input_schema": [
              {
                "hint": "Provide one or more entry fields to search the entry",
                "label": "Search by",
                "name": "parameters",
                "properties": [
                  {
                    "control_type": "text",
                    "label": "Employee ID\t",
                    "name": "col1",
                    "type": "string",
                    "sticky": true,
                    "optional": true
                  },
                  {
                    "control_type": "text",
                    "label": "Name",
                    "name": "col2",
                    "type": "string",
                    "sticky": true,
                    "optional": true
                  },
                  {
                    "control_type": "text",
                    "label": "Department",
                    "name": "col3",
                    "type": "string",
                    "sticky": true,
                    "optional": true
                  },
                  {
                    "control_type": "text",
                    "label": "Email",
                    "name": "col4",
                    "type": "string",
                    "sticky": true,
                    "optional": true
                  },
                  {
                    "control_type": "text",
                    "label": "Phone Number\t",
                    "name": "col5",
                    "type": "string",
                    "sticky": true,
                    "optional": true
                  }
                ],
                "type": "object"
              }
            ],
            "uuid": "bebca85c-9ac2-4035-b182-621dbd7f7e0f"
          },
          {
            "number": 3,
            "as": "1c3e44da",
            "keyword": "foreach",
            "repeat_mode": "batch",
            "clear_scope": "false",
            "input": {
            },
            "block": [
              {
                "number": 4,
                "keyword": "if",
                "input": {
                  "type": "compound",
                  "operand": "and",
                  "conditions": [
                    {
                      "operand": "contains",
                      "lhs": "#{_dp('{\"pill_type\":\"output\",\"provider\":\"foreach\",\"line\":\"1c3e44da\",\"path\":[\"batch\",{\"path_element_type\":\"current_item\"},\"entry\",\"col3\"]}')}",
                      "rhs": "Sales",
                      "uuid": "fecdade8-0bcc-450c-ae27-ade30589fea3"
                    }
                  ]
                },
                "block": [
                  {
                    "number": 5,
                    "provider": "lookup_table",
                    "name": "update_entry",
                    "as": "5a5c1b96",
                    "title": null,
                    "description": "\n      Update\n      <span class=\"provider\">entry</span>\n      in\n      <span class=\"provider\">Employee details</span>\n      lookup table\n    ",
                    "keyword": "action",
                    "dynamicPickListSelection": {
                      "lookup_table_id": "Employee details"
                    },
                    "toggleCfg": {
                      "ignore_not_found": true
                    },
                    "input": {
                      "ignore_not_found": "false",
                      "lookup_table_id": {
                        "zip_name": "employee_details.lookup_table.json",
                        "name": "Employee details",
                        "folder": ""
                      },
                      "id": "#{_dp('{\"pill_type\":\"output\",\"provider\":\"foreach\",\"line\":\"1c3e44da\",\"path\":[\"batch\",{\"path_element_type\":\"current_item\"},\"id\"]}')}",
                      "parameters": {
                        "col1": "#{_dp('{\"pill_type\":\"output\",\"provider\":\"foreach\",\"line\":\"1c3e44da\",\"path\":[\"batch\",{\"path_element_type\":\"current_item\"},\"entry\",\"col1\"]}')}",
                        "col2": "=_dp('{\"pill_type\":\"output\",\"provider\":\"foreach\",\"line\":\"1c3e44da\",\"path\":[\"batch\",{\"path_element_type\":\"current_item\"},\"entry\",\"col2\"]}').split(\"\").upcase",
                        "col3": "=_dp('{\"pill_type\":\"output\",\"provider\":\"foreach\",\"line\":\"1c3e44da\",\"path\":[\"batch\",{\"path_element_type\":\"current_item\"},\"entry\",\"col3\"]}').upcase",
                        "col4": "#{_dp('{\"pill_type\":\"output\",\"provider\":\"foreach\",\"line\":\"1c3e44da\",\"path\":[\"batch\",{\"path_element_type\":\"current_item\"},\"entry\",\"col4\"]}')}",
                        "col5": "#{_dp('{\"pill_type\":\"output\",\"provider\":\"foreach\",\"line\":\"1c3e44da\",\"path\":[\"batch\",{\"path_element_type\":\"current_item\"},\"entry\",\"col5\"]}')}"
                      }
                    },
                    "extended_output_schema": [
                      {
                        "control_type": "number",
                        "label": "Entry ID",
                        "name": "id",
                        "parse_output": "integer_conversion",
                        "type": "integer"
                      },
                      {
                        "label": "Entry",
                        "name": "entry",
                        "properties": [
                          {
                            "control_type": "text",
                            "label": "Employee ID\t",
                            "name": "col1",
                            "type": "string",
                            "sticky": true
                          },
                          {
                            "control_type": "text",
                            "label": "Name",
                            "name": "col2",
                            "type": "string",
                            "sticky": true
                          },
                          {
                            "control_type": "text",
                            "label": "Department",
                            "name": "col3",
                            "type": "string",
                            "sticky": true
                          },
                          {
                            "control_type": "text",
                            "label": "Email",
                            "name": "col4",
                            "type": "string",
                            "sticky": true
                          },
                          {
                            "control_type": "text",
                            "label": "Phone Number\t",
                            "name": "col5",
                            "type": "string",
                            "sticky": true
                          }
                        ],
                        "type": "object"
                      }
                    ],
                    "extended_input_schema": [
                      {
                        "hint": "Fill the fields you want to update",
                        "label": "Entry fields",
                        "name": "parameters",
                        "properties": [
                          {
                            "control_type": "text",
                            "label": "Employee ID\t",
                            "name": "col1",
                            "type": "string",
                            "sticky": true,
                            "optional": true
                          },
                          {
                            "control_type": "text",
                            "label": "Name",
                            "name": "col2",
                            "type": "string",
                            "sticky": true,
                            "optional": true
                          },
                          {
                            "control_type": "text",
                            "label": "Department",
                            "name": "col3",
                            "type": "string",
                            "sticky": true,
                            "optional": true
                          },
                          {
                            "control_type": "text",
                            "label": "Email",
                            "name": "col4",
                            "type": "string",
                            "sticky": true,
                            "optional": true
                          },
                          {
                            "control_type": "text",
                            "label": "Phone Number\t",
                            "name": "col5",
                            "type": "string",
                            "sticky": true,
                            "optional": true
                          }
                        ],
                        "type": "object"
                      }
                    ],
                    "uuid": "8ddda180-cab2-4bfd-8eed-d5d2ee146701"
                  },
                  {
                    "number": 6,
                    "keyword": "else",
                    "input": {
                    },
                    "block": [
                      {
                        "number": 7,
                        "provider": "lookup_table",
                        "name": "add_entry",
                        "as": "2f77360b",
                        "title": null,
                        "description": "\n      Add\n      <span class=\"provider\">entry</span>\n      to\n      <span class=\"provider\">Employee details</span>\n      lookup table\n    ",
                        "keyword": "action",
                        "dynamicPickListSelection": {
                          "lookup_table_id": "Employee details"
                        },
                        "input": {
                          "lookup_table_id": {
                            "zip_name": "employee_details.lookup_table.json",
                            "name": "Employee details",
                            "folder": ""
                          },
                          "parameters": {
                            "col1": "#{_dp('{\"pill_type\":\"output\",\"provider\":\"foreach\",\"line\":\"1c3e44da\",\"path\":[\"batch\",{\"path_element_type\":\"current_item\"},\"entry\",\"col1\"]}')}",
                            "col2": "#{_dp('{\"pill_type\":\"output\",\"provider\":\"foreach\",\"line\":\"1c3e44da\",\"path\":[\"batch\",{\"path_element_type\":\"current_item\"},\"entry\",\"col2\"]}')}",
                            "col3": "#{_dp('{\"pill_type\":\"output\",\"provider\":\"foreach\",\"line\":\"1c3e44da\",\"path\":[\"batch\",{\"path_element_type\":\"current_item\"},\"entry\",\"col3\"]}')}",
                            "col4": "#{_dp('{\"pill_type\":\"output\",\"provider\":\"foreach\",\"line\":\"1c3e44da\",\"path\":[\"batch\",{\"path_element_type\":\"current_item\"},\"entry\",\"col4\"]}')}",
                            "col5": "#{_dp('{\"pill_type\":\"output\",\"provider\":\"foreach\",\"line\":\"1c3e44da\",\"path\":[\"batch\",{\"path_element_type\":\"current_item\"},\"entry\",\"col5\"]}')}"
                          }
                        },
                        "extended_output_schema": [
                          {
                            "control_type": "number",
                            "label": "Entry ID",
                            "name": "id",
                            "parse_output": "integer_conversion",
                            "type": "integer"
                          },
                          {
                            "label": "Entry",
                            "name": "entry",
                            "properties": [
                              {
                                "control_type": "text",
                                "label": "Employee ID\t",
                                "name": "col1",
                                "type": "string",
                                "sticky": true
                              },
                              {
                                "control_type": "text",
                                "label": "Name",
                                "name": "col2",
                                "type": "string",
                                "sticky": true
                              },
                              {
                                "control_type": "text",
                                "label": "Department",
                                "name": "col3",
                                "type": "string",
                                "sticky": true
                              },
                              {
                                "control_type": "text",
                                "label": "Email",
                                "name": "col4",
                                "type": "string",
                                "sticky": true
                              },
                              {
                                "control_type": "text",
                                "label": "Phone Number\t",
                                "name": "col5",
                                "type": "string",
                                "sticky": true
                              }
                            ],
                            "type": "object"
                          }
                        ],
                        "extended_input_schema": [
                          {
                            "hint": "Fill the fields for the new entry",
                            "label": "Entry fields",
                            "name": "parameters",
                            "properties": [
                              {
                                "control_type": "text",
                                "label": "Employee ID\t",
                                "name": "col1",
                                "type": "string",
                                "sticky": true,
                                "optional": true
                              },
                              {
                                "control_type": "text",
                                "label": "Name",
                                "name": "col2",
                                "type": "string",
                                "sticky": true,
                                "optional": true
                              },
                              {
                                "control_type": "text",
                                "label": "Department",
                                "name": "col3",
                                "type": "string",
                                "sticky": true,
                                "optional": true
                              },
                              {
                                "control_type": "text",
                                "label": "Email",
                                "name": "col4",
                                "type": "string",
                                "sticky": true,
                                "optional": true
                              },
                              {
                                "control_type": "text",
                                "label": "Phone Number\t",
                                "name": "col5",
                                "type": "string",
                                "sticky": true,
                                "optional": true
                              }
                            ],
                            "type": "object"
                          }
                        ],
                        "uuid": "a8cfa066-89a2-4cf2-a6b4-ef83b6ffbeda",
                        "skip": false
                      }
                    ],
                    "uuid": "46cc10c8-80a0-4d21-80be-4cb0584a09cc"
                  }
                ],
                "uuid": "9a31e976-2db3-451c-b0b2-e7a2b528bf35"
              }
            ],
            "source": "#{_dp('{\"pill_type\":\"output\",\"provider\":\"lookup_table\",\"line\":\"47309239\",\"path\":[\"entries\"]}')}",
            "uuid": "f4800103-50c4-472e-a061-7ae646f81c71"
          },
          {
            "number": 8,
            "as": "0f4102c6",
            "keyword": "catch",
            "input": {
              "max_retry_count": "2",
              "retry_interval": "2"
            },
            "block": [
              {
                "number": 9,
                "provider": "logger",
                "name": "log_message",
                "as": "41227ab6",
                "title": null,
                "description": "Log <span class=\"provider\">message</span> to <span class=\"provider\">Job report</span>",
                "keyword": "action",
                "input": {
                  "message": "#{_dp('{\"pill_type\":\"output\",\"provider\":\"catch\",\"line\":\"0f4102c6\",\"path\":[\"message\"]}')}"
                },
                "uuid": "3ac2aaa6-6873-4d37-89e5-1e861d75506c"
              }
            ],
            "uuid": "13f742f4-e079-4bdf-9ad1-9da7135ccb8b"
          }
        ],
        "uuid": "9878b4d6-931f-475f-8db3-12d5013a0977"
      }
    ],
    "uuid": "d75ffa38-ded9-434c-a051-60f154ce7208",
    "unfinished": false
  },
  "config": [
    {
      "keyword": "application",
      "provider": "clock",
      "skip_validation": false,
      "account_id": null
    },
    {
      "keyword": "application",
      "provider": "lookup_table",
      "skip_validation": false,
      "account_id": null
    },
    {
      "keyword": "application",
      "provider": "logger",
      "skip_validation": false,
      "account_id": null
    }
  ]
}