{
  "name": "Batch & Bulk",
  "description": "",
  "version": 7,
  "private": false,
  "concurrency": 1,
  "code": {
    "number": 0,
    "provider": "salesforce",
    "name": "sobject_batch_created",
    "as": "1ff83fc9",
    "title": "New Opportunities",
    "description": "        New <span class=\"provider\"> Opportunities </span>\n        in <span class=\"provider\">Salesforce</span>\n",
    "keyword": "trigger",
    "dynamicPickListSelection": {
      "sobject_name": "Opportunity"
    },
    "input": {
      "batch_size": "10",
      "sobject_name": "Opportunity",
      "since": "2024-10-04T00:00:00+05:30"
    },
    "extended_output_schema": [
      {
        "control_type": "text",
        "label": "First Opportunity name",
        "name": "first_Opportunity_name",
        "type": "string",
        "event_title": true
      },
      {
        "control_type": "text",
        "label": "Last Opportunity name",
        "name": "last_Opportunity_name",
        "type": "string",
        "event_title": true
      },
      {
        "label": "Opportunities",
        "name": "Opportunity",
        "of": "object",
        "properties": [
          {
            "control_type": "text",
            "label": "Account ID",
            "optional": true,
            "custom": false,
            "sfdc_createable": true,
            "sfdc_updateable": true,
            "type": "string",
            "name": "AccountId"
          },
          {
            "control_type": "number",
            "label": "Amount",
            "parse_output": "float_conversion",
            "optional": true,
            "custom": false,
            "sfdc_createable": true,
            "sfdc_updateable": true,
            "type": "number",
            "name": "Amount"
          },
          {
            "control_type": "text",
            "label": "Campaign ID",
            "optional": true,
            "custom": false,
            "sfdc_createable": true,
            "sfdc_updateable": true,
            "type": "string",
            "name": "CampaignId"
          },
          {
            "control_type": "date",
            "label": "Close Date",
            "render_input": "render_iso8601_date",
            "parse_output": "parse_iso8601_date",
            "custom": false,
            "sfdc_createable": true,
            "sfdc_updateable": true,
            "type": "date_time",
            "name": "CloseDate"
          },
          {
            "control_type": "checkbox",
            "label": "Closed",
            "render_input": {
            },
            "parse_output": {
            },
            "toggle_hint": "Select from option list",
            "toggle_field": {
              "label": "Closed",
              "control_type": "text",
              "toggle_hint": "Use custom value",
              "optional": true,
              "custom": false,
              "sfdc_createable": false,
              "sfdc_updateable": false,
              "type": "boolean",
              "name": "IsClosed"
            },
            "optional": true,
            "custom": false,
            "sfdc_createable": false,
            "sfdc_updateable": false,
            "type": "boolean",
            "name": "IsClosed"
          },
          {
            "control_type": "text",
            "label": "Contact ID",
            "optional": true,
            "custom": false,
            "sfdc_createable": true,
            "sfdc_updateable": false,
            "type": "string",
            "name": "ContactId"
          },
          {
            "control_type": "text",
            "label": "Created By ID",
            "optional": true,
            "custom": false,
            "sfdc_createable": false,
            "sfdc_updateable": false,
            "type": "string",
            "name": "CreatedById"
          },
          {
            "control_type": "date_time",
            "label": "Created Date",
            "render_input": "render_iso8601_timestamp",
            "parse_output": "parse_iso8601_timestamp",
            "optional": true,
            "custom": false,
            "sfdc_createable": false,
            "sfdc_updateable": false,
            "type": "date_time",
            "name": "CreatedDate"
          },
          {
            "control_type": "checkbox",
            "label": "Deleted",
            "render_input": {
            },
            "parse_output": {
            },
            "toggle_hint": "Select from option list",
            "toggle_field": {
              "label": "Deleted",
              "control_type": "text",
              "toggle_hint": "Use custom value",
              "optional": true,
              "custom": false,
              "sfdc_createable": false,
              "sfdc_updateable": false,
              "type": "boolean",
              "name": "IsDeleted"
            },
            "optional": true,
            "custom": false,
            "sfdc_createable": false,
            "sfdc_updateable": false,
            "type": "boolean",
            "name": "IsDeleted"
          },
          {
            "control_type": "text-area",
            "label": "Description",
            "optional": true,
            "custom": false,
            "sfdc_createable": true,
            "sfdc_updateable": true,
            "type": "string",
            "name": "Description"
          },
          {
            "control_type": "number",
            "label": "Expected Amount",
            "parse_output": "float_conversion",
            "optional": true,
            "custom": false,
            "sfdc_createable": false,
            "sfdc_updateable": false,
            "type": "number",
            "name": "ExpectedRevenue"
          },
          {
            "control_type": "text",
            "label": "Fiscal Period",
            "optional": true,
            "custom": false,
            "sfdc_createable": false,
            "sfdc_updateable": false,
            "type": "string",
            "name": "Fiscal"
          },
          {
            "control_type": "number",
            "label": "Fiscal Quarter",
            "parse_output": "integer_conversion",
            "optional": true,
            "custom": false,
            "sfdc_createable": false,
            "sfdc_updateable": false,
            "type": "integer",
            "name": "FiscalQuarter"
          },
          {
            "control_type": "number",
            "label": "Fiscal Year",
            "parse_output": "integer_conversion",
            "optional": true,
            "custom": false,
            "sfdc_createable": false,
            "sfdc_updateable": false,
            "type": "integer",
            "name": "FiscalYear"
          },
          {
            "control_type": "select",
            "label": "Forecast Category",
            "pick_list": "sobject_field_values_list",
            "pick_list_params": {
              "sobject_name": "\"Opportunity\"",
              "field_name": "\"ForecastCategory\""
            },
            "toggle_hint": "Select from list",
            "toggle_field": {
              "control_type": "text",
              "label": "Forecast Category",
              "toggle_hint": "Enter custom value",
              "custom": false,
              "sfdc_createable": false,
              "sfdc_updateable": false,
              "type": "string",
              "name": "ForecastCategory"
            },
            "custom": false,
            "sfdc_createable": false,
            "sfdc_updateable": false,
            "type": "string",
            "name": "ForecastCategory"
          },
          {
            "control_type": "select",
            "label": "Forecast Category",
            "pick_list": "sobject_field_values_list",
            "pick_list_params": {
              "sobject_name": "\"Opportunity\"",
              "field_name": "\"ForecastCategoryName\""
            },
            "toggle_hint": "Select from list",
            "toggle_field": {
              "control_type": "text",
              "label": "Forecast Category",
              "toggle_hint": "Enter custom value",
              "optional": true,
              "custom": false,
              "sfdc_createable": true,
              "sfdc_updateable": true,
              "type": "string",
              "name": "ForecastCategoryName"
            },
            "optional": true,
            "custom": false,
            "sfdc_createable": true,
            "sfdc_updateable": true,
            "type": "string",
            "name": "ForecastCategoryName"
          },
          {
            "control_type": "checkbox",
            "label": "Has Line Item",
            "render_input": {
            },
            "parse_output": {
            },
            "toggle_hint": "Select from option list",
            "toggle_field": {
              "label": "Has Line Item",
              "control_type": "text",
              "toggle_hint": "Use custom value",
              "optional": true,
              "custom": false,
              "sfdc_createable": false,
              "sfdc_updateable": false,
              "type": "boolean",
              "name": "HasOpportunityLineItem"
            },
            "optional": true,
            "custom": false,
            "sfdc_createable": false,
            "sfdc_updateable": false,
            "type": "boolean",
            "name": "HasOpportunityLineItem"
          },
          {
            "control_type": "checkbox",
            "label": "Has Open Activity",
            "render_input": {
            },
            "parse_output": {
            },
            "toggle_hint": "Select from option list",
            "toggle_field": {
              "label": "Has Open Activity",
              "control_type": "text",
              "toggle_hint": "Use custom value",
              "optional": true,
              "custom": false,
              "sfdc_createable": false,
              "sfdc_updateable": false,
              "type": "boolean",
              "name": "HasOpenActivity"
            },
            "optional": true,
            "custom": false,
            "sfdc_createable": false,
            "sfdc_updateable": false,
            "type": "boolean",
            "name": "HasOpenActivity"
          },
          {
            "control_type": "checkbox",
            "label": "Has Overdue Task",
            "render_input": {
            },
            "parse_output": {
            },
            "toggle_hint": "Select from option list",
            "toggle_field": {
              "label": "Has Overdue Task",
              "control_type": "text",
              "toggle_hint": "Use custom value",
              "optional": true,
              "custom": false,
              "sfdc_createable": false,
              "sfdc_updateable": false,
              "type": "boolean",
              "name": "HasOverdueTask"
            },
            "optional": true,
            "custom": false,
            "sfdc_createable": false,
            "sfdc_updateable": false,
            "type": "boolean",
            "name": "HasOverdueTask"
          },
          {
            "control_type": "date",
            "label": "Last Activity",
            "render_input": "render_iso8601_date",
            "parse_output": "parse_iso8601_date",
            "optional": true,
            "custom": false,
            "sfdc_createable": false,
            "sfdc_updateable": false,
            "type": "date_time",
            "name": "LastActivityDate"
          },
          {
            "control_type": "text",
            "label": "Last Modified By ID",
            "optional": true,
            "custom": false,
            "sfdc_createable": false,
            "sfdc_updateable": false,
            "type": "string",
            "name": "LastModifiedById"
          },
          {
            "control_type": "date_time",
            "label": "Last Modified Date",
            "render_input": "render_iso8601_timestamp",
            "parse_output": "parse_iso8601_timestamp",
            "optional": true,
            "custom": false,
            "sfdc_createable": false,
            "sfdc_updateable": false,
            "type": "date_time",
            "name": "LastModifiedDate"
          },
          {
            "control_type": "date_time",
            "label": "Last Referenced Date",
            "render_input": "render_iso8601_timestamp",
            "parse_output": "parse_iso8601_timestamp",
            "optional": true,
            "custom": false,
            "sfdc_createable": false,
            "sfdc_updateable": false,
            "type": "date_time",
            "name": "LastReferencedDate"
          },
          {
            "control_type": "date_time",
            "label": "Last Stage Change Date",
            "render_input": "render_iso8601_timestamp",
            "parse_output": "parse_iso8601_timestamp",
            "optional": true,
            "custom": false,
            "sfdc_createable": false,
            "sfdc_updateable": false,
            "type": "date_time",
            "name": "LastStageChangeDate"
          },
          {
            "control_type": "date_time",
            "label": "Last Viewed Date",
            "render_input": "render_iso8601_timestamp",
            "parse_output": "parse_iso8601_timestamp",
            "optional": true,
            "custom": false,
            "sfdc_createable": false,
            "sfdc_updateable": false,
            "type": "date_time",
            "name": "LastViewedDate"
          },
          {
            "control_type": "select",
            "label": "Lead Source",
            "pick_list": "sobject_field_values_list",
            "pick_list_params": {
              "sobject_name": "\"Opportunity\"",
              "field_name": "\"LeadSource\""
            },
            "toggle_hint": "Select from list",
            "toggle_field": {
              "control_type": "text",
              "label": "Lead Source",
              "toggle_hint": "Enter custom value",
              "optional": true,
              "custom": false,
              "sfdc_createable": true,
              "sfdc_updateable": true,
              "type": "string",
              "name": "LeadSource"
            },
            "optional": true,
            "custom": false,
            "sfdc_createable": true,
            "sfdc_updateable": true,
            "type": "string",
            "name": "LeadSource"
          },
          {
            "control_type": "text",
            "label": "Name",
            "custom": false,
            "sfdc_createable": true,
            "sfdc_updateable": true,
            "type": "string",
            "name": "Name"
          },
          {
            "control_type": "text",
            "label": "Next Step",
            "optional": true,
            "custom": false,
            "sfdc_createable": true,
            "sfdc_updateable": true,
            "type": "string",
            "name": "NextStep"
          },
          {
            "control_type": "text",
            "label": "Opportunity History ID",
            "optional": true,
            "custom": false,
            "sfdc_createable": false,
            "sfdc_updateable": false,
            "type": "string",
            "name": "LastAmountChangedHistoryId"
          },
          {
            "control_type": "text",
            "label": "Opportunity History ID",
            "optional": true,
            "custom": false,
            "sfdc_createable": false,
            "sfdc_updateable": false,
            "type": "string",
            "name": "LastCloseDateChangedHistoryId"
          },
          {
            "control_type": "text",
            "label": "Opportunity ID",
            "optional": true,
            "custom": false,
            "sfdc_createable": false,
            "sfdc_updateable": false,
            "type": "string",
            "name": "Id"
          },
          {
            "control_type": "select",
            "label": "Opportunity Type",
            "pick_list": "sobject_field_values_list",
            "pick_list_params": {
              "sobject_name": "\"Opportunity\"",
              "field_name": "\"Type\""
            },
            "toggle_hint": "Select from list",
            "toggle_field": {
              "control_type": "text",
              "label": "Opportunity Type",
              "toggle_hint": "Enter custom value",
              "optional": true,
              "custom": false,
              "sfdc_createable": true,
              "sfdc_updateable": true,
              "type": "string",
              "name": "Type"
            },
            "optional": true,
            "custom": false,
            "sfdc_createable": true,
            "sfdc_updateable": true,
            "type": "string",
            "name": "Type"
          },
          {
            "control_type": "text",
            "label": "Owner ID",
            "optional": true,
            "custom": false,
            "sfdc_createable": true,
            "sfdc_updateable": true,
            "type": "string",
            "name": "OwnerId"
          },
          {
            "control_type": "text",
            "label": "Price Book ID",
            "optional": true,
            "custom": false,
            "sfdc_createable": true,
            "sfdc_updateable": true,
            "type": "string",
            "name": "Pricebook2Id"
          },
          {
            "control_type": "checkbox",
            "label": "Private",
            "render_input": {
            },
            "parse_output": {
            },
            "toggle_hint": "Select from option list",
            "toggle_field": {
              "label": "Private",
              "control_type": "text",
              "toggle_hint": "Use custom value",
              "optional": true,
              "custom": false,
              "sfdc_createable": true,
              "sfdc_updateable": true,
              "type": "boolean",
              "name": "IsPrivate"
            },
            "optional": true,
            "custom": false,
            "sfdc_createable": true,
            "sfdc_updateable": true,
            "type": "boolean",
            "name": "IsPrivate"
          },
          {
            "control_type": "text",
            "label": "Probability (%)",
            "optional": true,
            "custom": false,
            "sfdc_createable": true,
            "sfdc_updateable": true,
            "type": "string",
            "name": "Probability"
          },
          {
            "control_type": "number",
            "label": "Push Count",
            "parse_output": "integer_conversion",
            "optional": true,
            "custom": false,
            "sfdc_createable": false,
            "sfdc_updateable": false,
            "type": "integer",
            "name": "PushCount"
          },
          {
            "control_type": "number",
            "label": "Quantity",
            "parse_output": "float_conversion",
            "optional": true,
            "custom": false,
            "sfdc_createable": true,
            "sfdc_updateable": true,
            "type": "number",
            "name": "TotalOpportunityQuantity"
          },
          {
            "control_type": "select",
            "label": "Stage",
            "pick_list": "sobject_field_values_list",
            "pick_list_params": {
              "sobject_name": "\"Opportunity\"",
              "field_name": "\"StageName\""
            },
            "toggle_hint": "Select from list",
            "toggle_field": {
              "control_type": "text",
              "label": "Stage",
              "toggle_hint": "Enter custom value",
              "custom": false,
              "sfdc_createable": true,
              "sfdc_updateable": true,
              "type": "string",
              "name": "StageName"
            },
            "custom": false,
            "sfdc_createable": true,
            "sfdc_updateable": true,
            "type": "string",
            "name": "StageName"
          },
          {
            "control_type": "date_time",
            "label": "System Modstamp",
            "render_input": "render_iso8601_timestamp",
            "parse_output": "parse_iso8601_timestamp",
            "optional": true,
            "custom": false,
            "sfdc_createable": false,
            "sfdc_updateable": false,
            "type": "date_time",
            "name": "SystemModstamp"
          },
          {
            "control_type": "checkbox",
            "label": "Won",
            "render_input": {
            },
            "parse_output": {
            },
            "toggle_hint": "Select from option list",
            "toggle_field": {
              "label": "Won",
              "control_type": "text",
              "toggle_hint": "Use custom value",
              "optional": true,
              "custom": false,
              "sfdc_createable": false,
              "sfdc_updateable": false,
              "type": "boolean",
              "name": "IsWon"
            },
            "optional": true,
            "custom": false,
            "sfdc_createable": false,
            "sfdc_updateable": false,
            "type": "boolean",
            "name": "IsWon"
          },
          {
            "control_type": "text",
            "label": "Current Generator(s)",
            "optional": true,
            "custom": true,
            "sfdc_createable": true,
            "sfdc_updateable": true,
            "type": "string",
            "name": "CurrentGenerators__c"
          },
          {
            "control_type": "select",
            "label": "Delivery/Installation Status",
            "pick_list": "sobject_field_values_list",
            "pick_list_params": {
              "sobject_name": "\"Opportunity\"",
              "field_name": "\"DeliveryInstallationStatus__c\""
            },
            "toggle_hint": "Select from list",
            "toggle_field": {
              "control_type": "text",
              "label": "Delivery/Installation Status",
              "toggle_hint": "Enter custom value",
              "optional": true,
              "custom": true,
              "sfdc_createable": true,
              "sfdc_updateable": true,
              "type": "string",
              "name": "DeliveryInstallationStatus__c"
            },
            "optional": true,
            "custom": true,
            "sfdc_createable": true,
            "sfdc_updateable": true,
            "type": "string",
            "name": "DeliveryInstallationStatus__c"
          },
          {
            "control_type": "text",
            "label": "Main Competitor(s)",
            "optional": true,
            "custom": true,
            "sfdc_createable": true,
            "sfdc_updateable": true,
            "type": "string",
            "name": "MainCompetitors__c"
          },
          {
            "control_type": "text",
            "label": "Order Number",
            "optional": true,
            "custom": true,
            "sfdc_createable": true,
            "sfdc_updateable": true,
            "type": "string",
            "name": "OrderNumber__c"
          },
          {
            "control_type": "text",
            "label": "Tracking Number",
            "optional": true,
            "custom": true,
            "sfdc_createable": true,
            "sfdc_updateable": true,
            "type": "string",
            "name": "TrackingNumber__c"
          }
        ],
        "type": "array"
      }
    ],
    "block": [
      {
        "number": 1,
        "keyword": "try",
        "input": {
        },
        "block": [
          {
            "number": 2,
            "as": "5b6df9a5",
            "keyword": "foreach",
            "repeat_mode": "simple",
            "clear_scope": "false",
            "input": {
            },
            "block": [
              {
                "number": 3,
                "provider": "google_sheets",
                "name": "search_spreadsheet_rows_v4_new",
                "as": "e271548a",
                "title": null,
                "description": null,
                "keyword": "action",
                "dynamicPickListSelection": {
                  "team_drives": "My Drive",
                  "spreadsheet": "Salesforce_leads_-_Sheet1"
                },
                "input": {
                  "team_drives": "my_drive",
                  "spreadsheet": "1dIhKjwivNtecsUksQ5Q3NjVtDOyurCM0ie43DfYz0t0",
                  "count": "200",
                  "sheet": "Salesforce_leads_-_Sheet1",
                  "data": {
                    "col_Stage": "#{_dp('{\"pill_type\":\"output\",\"provider\":\"foreach\",\"line\":\"5b6df9a5\",\"path\":[\"StageName\"]}')}"
                  }
                },
                "extended_output_schema": [
                  {
                    "control_type": "text",
                    "label": "Spreadsheet ID",
                    "name": "spreadsheet_id",
                    "type": "string"
                  },
                  {
                    "control_type": "text",
                    "label": "Spreadsheet name",
                    "name": "spreadsheet_name",
                    "type": "string"
                  },
                  {
                    "control_type": "text",
                    "label": "Sheet name",
                    "name": "sheet",
                    "type": "string"
                  },
                  {
                    "label": "Rows",
                    "name": "rows",
                    "of": "object",
                    "properties": [
                      {
                        "control_type": "number",
                        "label": "Row number",
                        "parse_output": "integer_conversion",
                        "type": "integer",
                        "name": "row_number"
                      },
                      {
                        "control_type": "text",
                        "label": "Name",
                        "old_name": "col_Name",
                        "custom_attribute": 1,
                        "type": "string",
                        "name": "col_Name"
                      },
                      {
                        "control_type": "text",
                        "label": "Company",
                        "old_name": "col_Company",
                        "custom_attribute": 2,
                        "type": "string",
                        "name": "col_Company"
                      },
                      {
                        "control_type": "text",
                        "label": "Email",
                        "old_name": "col_Email",
                        "custom_attribute": 3,
                        "type": "string",
                        "name": "col_Email"
                      },
                      {
                        "control_type": "text",
                        "label": "Stage",
                        "old_name": "col_Stage",
                        "custom_attribute": 4,
                        "type": "string",
                        "name": "col_Stage"
                      },
                      {
                        "control_type": "text",
                        "label": "Created Date",
                        "old_name": "col_Created_Date",
                        "custom_attribute": 5,
                        "type": "string",
                        "name": "col_Created Date"
                      }
                    ],
                    "type": "array"
                  }
                ],
                "extended_input_schema": [
                  {
                    "control_type": "select",
                    "extends_schema": true,
                    "hint": "Select a sheet to search for rows. The sheet must have at least one header row. <a href='https://docs.workato.com/connectors/google-sheets/action-add-row.html#setting-up-the-google-sheet' target='_blank'>Learn more</a>",
                    "label": "Sheet",
                    "name": "sheet",
                    "optional": false,
                    "pick_list": [
                      [
                        "Salesforce_leads_-_Sheet1",
                        "Salesforce_leads_-_Sheet1"
                      ]
                    ],
                    "toggle_field": {
                      "control_type": "text",
                      "label": "Sheet name",
                      "toggle_hint": "Use sheet name",
                      "extends_schema": true,
                      "change_on_blur": true,
                      "toggle_to_secondary_hint": "Use sheet name",
                      "toggle_to_primary_hint": "Select a sheet",
                      "hint": "Use <b>Sheet name</b> pill from the output of other Google Sheets’ triggers/actions. Or enter sheet name manually. The sheet must have at least 1 header row in input field.",
                      "type": "string",
                      "name": "sheet_name"
                    },
                    "toggle_hint": "Select a sheet",
                    "type": "string"
                  },
                  {
                    "hint": "Enter one or more search values. Workato will search for rows matching <b>ALL</b> of the search values below.",
                    "label": "Columns",
                    "name": "data",
                    "properties": [
                      {
                        "control_type": "text",
                        "label": "Name",
                        "optional": true,
                        "sticky": true,
                        "hint": "Search for an exact match of the search value you enter here. Search value is case-sensitive and can contain space.",
                        "type": "string",
                        "name": "col_Name"
                      },
                      {
                        "control_type": "text",
                        "label": "Company",
                        "optional": true,
                        "sticky": true,
                        "hint": "Search for an exact match of the search value you enter here. Search value is case-sensitive and can contain space.",
                        "type": "string",
                        "name": "col_Company"
                      },
                      {
                        "control_type": "text",
                        "label": "Email",
                        "optional": true,
                        "sticky": true,
                        "hint": "Search for an exact match of the search value you enter here. Search value is case-sensitive and can contain space.",
                        "type": "string",
                        "name": "col_Email"
                      },
                      {
                        "control_type": "text",
                        "label": "Stage",
                        "optional": true,
                        "sticky": true,
                        "hint": "Search for an exact match of the search value you enter here. Search value is case-sensitive and can contain space.",
                        "type": "string",
                        "name": "col_Stage"
                      },
                      {
                        "control_type": "text",
                        "label": "Created Date",
                        "optional": true,
                        "sticky": true,
                        "hint": "Search for an exact match of the search value you enter here. Search value is case-sensitive and can contain space.",
                        "type": "string",
                        "name": "col_Created Date"
                      }
                    ],
                    "sticky": true,
                    "type": "object"
                  },
                  {
                    "control_type": "number",
                    "default": 200,
                    "hint": "Maximum number of matched rows to be returned. Minimum accepted value is <b>1</b> and maximum accepted value is <b>50000</b>.",
                    "label": "Search result size",
                    "name": "count",
                    "optional": true,
                    "parse_output": "float_conversion",
                    "type": "number"
                  }
                ],
                "uuid": "0c5bdad1-f3d0-4a6c-9971-a1876fb4143b"
              },
              {
                "number": 4,
                "keyword": "if",
                "input": {
                  "type": "compound",
                  "operand": "and",
                  "conditions": [
                    {
                      "operand": "greater_than",
                      "lhs": "#{_dp('{\"pill_type\":\"output\",\"provider\":\"google_sheets\",\"line\":\"e271548a\",\"path\":[\"rows\",{\"path_element_type\":\"size\"}]}')}",
                      "rhs": "0",
                      "uuid": "c48ce381-c15c-4db5-8607-720ded7a7f88"
                    }
                  ]
                },
                "block": [
                  {
                    "number": 5,
                    "provider": "google_sheets",
                    "name": "update_row_v4_new",
                    "as": "51848ea5",
                    "title": null,
                    "description": null,
                    "keyword": "action",
                    "dynamicPickListSelection": {
                      "spreadsheet": "Salesforce_leads_-_Sheet1"
                    },
                    "input": {
                      "team_drives": "my_drive",
                      "spreadsheet": "1dIhKjwivNtecsUksQ5Q3NjVtDOyurCM0ie43DfYz0t0",
                      "sheet": "Salesforce_leads_-_Sheet1",
                      "row_number": "#{_dp('{\"pill_type\":\"output\",\"provider\":\"google_sheets\",\"line\":\"e271548a\",\"path\":[\"rows\",{\"path_element_type\":\"current_item\"},\"row_number\"]}')}",
                      "data": {
                        "col_Company": "#{_dp('{\"pill_type\":\"output\",\"provider\":\"google_sheets\",\"line\":\"e271548a\",\"path\":[\"rows\",{\"path_element_type\":\"current_item\"},\"col_Company\"]}')}",
                        "col_Email": "#{_dp('{\"pill_type\":\"output\",\"provider\":\"google_sheets\",\"line\":\"e271548a\",\"path\":[\"rows\",{\"path_element_type\":\"current_item\"},\"col_Email\"]}')}",
                        "col_Created Date": "#{_dp('{\"pill_type\":\"output\",\"provider\":\"google_sheets\",\"line\":\"e271548a\",\"path\":[\"rows\",{\"path_element_type\":\"current_item\"},\"col_Created Date\"]}')}",
                        "col_Name": "#{_dp('{\"pill_type\":\"output\",\"provider\":\"google_sheets\",\"line\":\"e271548a\",\"path\":[\"rows\",{\"path_element_type\":\"current_item\"},\"col_Name\"]}')}",
                        "col_Stage": "#{_dp('{\"pill_type\":\"output\",\"provider\":\"google_sheets\",\"line\":\"e271548a\",\"path\":[\"rows\",{\"path_element_type\":\"current_item\"},\"col_Stage\"]}')}"
                      }
                    },
                    "extended_output_schema": [
                      {
                        "label": "Columns",
                        "name": "columns",
                        "properties": [
                          {
                            "control_type": "text",
                            "label": "Name",
                            "old_name": "col_Name",
                            "custom_attribute": 1,
                            "type": "string",
                            "name": "col_Name"
                          },
                          {
                            "control_type": "text",
                            "label": "Company",
                            "old_name": "col_Company",
                            "custom_attribute": 2,
                            "type": "string",
                            "name": "col_Company"
                          },
                          {
                            "control_type": "text",
                            "label": "Email",
                            "old_name": "col_Email",
                            "custom_attribute": 3,
                            "type": "string",
                            "name": "col_Email"
                          },
                          {
                            "control_type": "text",
                            "label": "Stage",
                            "old_name": "col_Stage",
                            "custom_attribute": 4,
                            "type": "string",
                            "name": "col_Stage"
                          },
                          {
                            "control_type": "text",
                            "label": "Created Date",
                            "old_name": "col_Created_Date",
                            "custom_attribute": 5,
                            "type": "string",
                            "name": "col_Created Date"
                          }
                        ],
                        "type": "object"
                      }
                    ],
                    "extended_input_schema": [
                      {
                        "control_type": "select",
                        "extends_schema": true,
                        "hint": "Select a sheet to update row. The sheet must have at least one header row. <a href='https://docs.workato.com/connectors/google-sheets/action-add-row.html#setting-up-the-google-sheet' target='_blank'>Learn more</a>",
                        "label": "Sheet",
                        "name": "sheet",
                        "optional": false,
                        "pick_list": [
                          [
                            "Salesforce_leads_-_Sheet1",
                            "Salesforce_leads_-_Sheet1"
                          ]
                        ],
                        "toggle_field": {
                          "control_type": "text",
                          "label": "Sheet name",
                          "toggle_hint": "Use sheet name",
                          "extends_schema": true,
                          "change_on_blur": true,
                          "toggle_to_secondary_hint": "Use sheet name",
                          "toggle_to_primary_hint": "Select a sheet",
                          "hint": "Use <b>Sheet name</b> pill from the output of other Google Sheets’ triggers/actions. Or enter sheet name manually. The sheet must have at least 1 header row in input field.",
                          "type": "string",
                          "name": "sheet_name"
                        },
                        "toggle_hint": "Select a sheet",
                        "type": "string"
                      },
                      {
                        "control_type": "text",
                        "hint": "Enter the row number of the row you want to update. Or use <b>Row number</b> data pill from the output of other Google Sheets’s triggers & actions.",
                        "label": "Row number",
                        "name": "row_number",
                        "optional": false,
                        "type": "string"
                      },
                      {
                        "hint": "Input new values to update the row.",
                        "label": "Columns",
                        "name": "data",
                        "properties": [
                          {
                            "control_type": "text",
                            "label": "Name",
                            "optional": true,
                            "sticky": true,
                            "type": "string",
                            "name": "col_Name"
                          },
                          {
                            "control_type": "text",
                            "label": "Company",
                            "optional": true,
                            "sticky": true,
                            "type": "string",
                            "name": "col_Company"
                          },
                          {
                            "control_type": "text",
                            "label": "Email",
                            "optional": true,
                            "sticky": true,
                            "type": "string",
                            "name": "col_Email"
                          },
                          {
                            "control_type": "text",
                            "label": "Stage",
                            "optional": true,
                            "sticky": true,
                            "type": "string",
                            "name": "col_Stage"
                          },
                          {
                            "control_type": "text",
                            "label": "Created Date",
                            "optional": true,
                            "sticky": true,
                            "type": "string",
                            "name": "col_Created Date"
                          }
                        ],
                        "sticky": true,
                        "type": "object"
                      }
                    ],
                    "uuid": "56f0af7c-74fb-454b-af78-63040382ea0c"
                  },
                  {
                    "number": 6,
                    "keyword": "else",
                    "input": {
                    },
                    "block": [
                      {
                        "number": 7,
                        "provider": "workato_variable",
                        "name": "declare_list",
                        "as": "c5618190",
                        "title": " Create Add oitems to list list",
                        "description": "Create <span class=\"provider\">Add oitems to list</span> list",
                        "keyword": "action",
                        "input": {
                          "name": "Add oitems to list",
                          "list_item_schema_json": "[{\"name\":\"Name\",\"type\":\"string\",\"optional\":false,\"control_type\":\"text\",\"label\":\"Name\"},{\"name\":\"Company\",\"type\":\"string\",\"optional\":false,\"control_type\":\"text\",\"label\":\"Company\"},{\"name\":\"Email\",\"type\":\"string\",\"optional\":false,\"control_type\":\"text\",\"label\":\"Email\"},{\"name\":\"Stage\",\"type\":\"string\",\"optional\":false,\"control_type\":\"text\",\"label\":\"Status\"},{\"name\":\"CreatedDate\",\"type\":\"string\",\"optional\":false,\"control_type\":\"text\",\"label\":\"Created date\"}]",
                          "list_items": {
                            "____source": "#{_dp('{\"pill_type\":\"output\",\"provider\":\"google_sheets\",\"line\":\"e271548a\",\"path\":[\"rows\"]}')}",
                            "Name": "#{_dp('{\"pill_type\":\"output\",\"provider\":\"google_sheets\",\"line\":\"e271548a\",\"path\":[\"rows\",{\"path_element_type\":\"current_item\"},\"col_Name\"]}')}",
                            "Company": "#{_dp('{\"pill_type\":\"output\",\"provider\":\"google_sheets\",\"line\":\"e271548a\",\"path\":[\"rows\",{\"path_element_type\":\"current_item\"},\"col_Company\"]}')}",
                            "Email": "#{_dp('{\"pill_type\":\"output\",\"provider\":\"google_sheets\",\"line\":\"e271548a\",\"path\":[\"rows\",{\"path_element_type\":\"current_item\"},\"col_Email\"]}')}",
                            "CreatedDate": "#{_dp('{\"pill_type\":\"output\",\"provider\":\"google_sheets\",\"line\":\"e271548a\",\"path\":[\"rows\",{\"path_element_type\":\"current_item\"},\"col_Created Date\"]}')}",
                            "Stage": "#{_dp('{\"pill_type\":\"output\",\"provider\":\"google_sheets\",\"line\":\"e271548a\",\"path\":[\"rows\",{\"path_element_type\":\"current_item\"},\"col_Stage\"]}')}"
                          }
                        },
                        "extended_output_schema": [
                          {
                            "hint": "",
                            "label": "Add oitems to list",
                            "name": "list_items",
                            "of": "object",
                            "optional": false,
                            "properties": [
                              {
                                "control_type": "text",
                                "label": "Name",
                                "name": "Name",
                                "type": "string",
                                "optional": false
                              },
                              {
                                "control_type": "text",
                                "label": "Company",
                                "name": "Company",
                                "type": "string",
                                "optional": false
                              },
                              {
                                "control_type": "text",
                                "label": "Email",
                                "name": "Email",
                                "type": "string",
                                "optional": false
                              },
                              {
                                "control_type": "text",
                                "label": "Status",
                                "name": "Stage",
                                "type": "string",
                                "optional": false
                              },
                              {
                                "control_type": "text",
                                "label": "Created date",
                                "name": "CreatedDate",
                                "type": "string",
                                "optional": false
                              }
                            ],
                            "type": "array"
                          }
                        ],
                        "extended_input_schema": [
                          {
                            "hint": "Set the initial items in the list. Defaults to an empty list if not supplied.",
                            "label": "Items",
                            "name": "list_items",
                            "of": "object",
                            "optional": true,
                            "properties": [
                              {
                                "control_type": "text",
                                "label": "Name",
                                "name": "Name",
                                "type": "string",
                                "optional": false
                              },
                              {
                                "control_type": "text",
                                "label": "Company",
                                "name": "Company",
                                "type": "string",
                                "optional": false
                              },
                              {
                                "control_type": "text",
                                "label": "Email",
                                "name": "Email",
                                "type": "string",
                                "optional": false
                              },
                              {
                                "control_type": "text",
                                "label": "Status",
                                "name": "Stage",
                                "type": "string",
                                "optional": false
                              },
                              {
                                "control_type": "text",
                                "label": "Created date",
                                "name": "CreatedDate",
                                "type": "string",
                                "optional": false
                              }
                            ],
                            "type": "array"
                          }
                        ],
                        "uuid": "a3b10075-dd2c-4a97-8a77-6dcaa1c9c8f8"
                      }
                    ],
                    "uuid": "09a55a8f-f95e-431a-81fa-05ee3b9426bd"
                  }
                ],
                "uuid": "14863fda-2b87-4b84-a826-ed027f71912d"
              }
            ],
            "source": "#{_dp('{\"pill_type\":\"output\",\"provider\":\"salesforce\",\"line\":\"1ff83fc9\",\"path\":[\"Opportunity\"]}')}",
            "uuid": "64592b0c-a54d-4aee-8d50-2526108b0bd4"
          },
          {
            "number": 8,
            "keyword": "if",
            "input": {
              "type": "compound",
              "operand": "and",
              "conditions": [
                {
                  "operand": "greater_than",
                  "lhs": "#{_dp('{\"pill_type\":\"output\",\"provider\":\"workato_variable\",\"line\":\"c5618190\",\"path\":[\"list_items\",{\"path_element_type\":\"size\"}]}')}",
                  "rhs": "0",
                  "uuid": "a162dd34-6aee-4113-879e-843ed07b906d"
                }
              ]
            },
            "block": [
              {
                "number": 9,
                "provider": "google_sheets",
                "name": "add_row_v4_bulk",
                "as": "63c01a46",
                "title": null,
                "description": null,
                "keyword": "action",
                "dynamicPickListSelection": {
                  "spreadsheet": "Salesforce_leads_-_Sheet1"
                },
                "toggleCfg": {
                  "is_top_left": true
                },
                "input": {
                  "team_drives": "my_drive",
                  "is_top_left": "false",
                  "spreadsheet": "1dIhKjwivNtecsUksQ5Q3NjVtDOyurCM0ie43DfYz0t0",
                  "sheet": "Salesforce_leads_-_Sheet1",
                  "rows": {
                    "____source": "#{_dp('{\"pill_type\":\"output\",\"provider\":\"workato_variable\",\"line\":\"c5618190\",\"path\":[\"list_items\"]}')}",
                    "col_Name": "#{_dp('{\"pill_type\":\"output\",\"provider\":\"workato_variable\",\"line\":\"c5618190\",\"path\":[\"list_items\",{\"path_element_type\":\"current_item\"},\"Name\"]}')}",
                    "col_Company": "#{_dp('{\"pill_type\":\"output\",\"provider\":\"workato_variable\",\"line\":\"c5618190\",\"path\":[\"list_items\",{\"path_element_type\":\"current_item\"},\"Company\"]}')}",
                    "col_Email": "#{_dp('{\"pill_type\":\"output\",\"provider\":\"workato_variable\",\"line\":\"c5618190\",\"path\":[\"list_items\",{\"path_element_type\":\"current_item\"},\"Email\"]}')}",
                    "col_Created Date": "#{_dp('{\"pill_type\":\"output\",\"provider\":\"workato_variable\",\"line\":\"c5618190\",\"path\":[\"list_items\",{\"path_element_type\":\"current_item\"},\"CreatedDate\"]}')}",
                    "col_Stage": "#{_dp('{\"pill_type\":\"output\",\"provider\":\"workato_variable\",\"line\":\"c5618190\",\"path\":[\"list_items\",{\"path_element_type\":\"current_item\"},\"Stage\"]}')}"
                  }
                },
                "extended_input_schema": [
                  {
                    "control_type": "select",
                    "extends_schema": true,
                    "hint": "Select a sheet to add row to. The sheet must have at least one header row. <a href='https://docs.workato.com/connectors/google-sheets/action-add-row.html#setting-up-the-google-sheet' target='_blank'>Learn more</a>",
                    "label": "Sheet",
                    "name": "sheet",
                    "optional": false,
                    "pick_list": [
                      [
                        "Salesforce_leads_-_Sheet1",
                        "Salesforce_leads_-_Sheet1"
                      ]
                    ],
                    "toggle_field": {
                      "control_type": "text",
                      "label": "Sheet name",
                      "toggle_hint": "Use sheet name",
                      "extends_schema": true,
                      "change_on_blur": true,
                      "toggle_to_secondary_hint": "Use sheet name",
                      "toggle_to_primary_hint": "Select a sheet",
                      "hint": "Use <b>Sheet name</b> pill from the output of other Google Sheets’ triggers/actions. Or enter sheet name manually. The sheet must have at least 1 header row in input field.",
                      "type": "string",
                      "name": "sheet_name"
                    },
                    "toggle_hint": "Select a sheet",
                    "type": "string"
                  },
                  {
                    "hint": "Input row values into the fields below.",
                    "label": "Rows",
                    "name": "rows",
                    "of": "object",
                    "properties": [
                      {
                        "control_type": "text",
                        "label": "Name",
                        "old_name": "col_Name",
                        "optional": true,
                        "sticky": true,
                        "type": "string",
                        "name": "col_Name"
                      },
                      {
                        "control_type": "text",
                        "label": "Company",
                        "old_name": "col_Company",
                        "optional": true,
                        "sticky": true,
                        "type": "string",
                        "name": "col_Company"
                      },
                      {
                        "control_type": "text",
                        "label": "Email",
                        "old_name": "col_Email",
                        "optional": true,
                        "sticky": true,
                        "type": "string",
                        "name": "col_Email"
                      },
                      {
                        "control_type": "text",
                        "label": "Stage",
                        "old_name": "col_Stage",
                        "optional": true,
                        "sticky": true,
                        "type": "string",
                        "name": "col_Stage"
                      },
                      {
                        "control_type": "text",
                        "label": "Created Date",
                        "old_name": "col_Created_Date",
                        "optional": true,
                        "sticky": true,
                        "type": "string",
                        "name": "col_Created Date"
                      }
                    ],
                    "sticky": true,
                    "type": "array"
                  }
                ],
                "uuid": "a5e81a97-5acd-4a57-a91d-36ec9c4058c7"
              }
            ],
            "uuid": "a3b6a623-e47a-4c78-bd23-bfdef3f85f54"
          },
          {
            "number": 10,
            "as": "82687d4e",
            "keyword": "catch",
            "input": {
              "max_retry_count": "0",
              "retry_interval": "2"
            },
            "block": [
              {
                "number": 11,
                "provider": "email",
                "name": "send_mail",
                "as": "3fdcba94",
                "title": null,
                "description": null,
                "keyword": "action",
                "input": {
                  "email_type": "plain_text",
                  "to": "elkaakhil1999@gmail.com",
                  "subject": "Error",
                  "body": "#{_dp('{\"pill_type\":\"output\",\"provider\":\"catch\",\"line\":\"82687d4e\",\"path\":[\"type\"]}')}#{_dp('{\"pill_type\":\"output\",\"provider\":\"catch\",\"line\":\"82687d4e\",\"path\":[\"message\"]}')}"
                },
                "uuid": "d0c5b3c4-f802-42e0-b12d-3c4e41d55d9d"
              }
            ],
            "uuid": "e82cedd2-299a-4cd8-8d3e-34a25c073b3a"
          }
        ],
        "uuid": "07aff586-3d59-414e-abcd-a3ee70201100"
      }
    ],
    "uuid": "8bb42dda-7a04-4585-92f7-19999db2fafb",
    "unfinished": false
  },
  "config": [
    {
      "keyword": "application",
      "provider": "salesforce",
      "skip_validation": false,
      "account_id": {
        "zip_name": "Automation Pro Training/Pro1/my_salesforce_account.connection.json",
        "name": "My Salesforce account",
        "folder": "Automation Pro Training/Pro1"
      }
    },
    {
      "keyword": "application",
      "provider": "google_sheets",
      "skip_validation": false,
      "account_id": {
        "zip_name": "Automation Pro Training/Pro1/my_google_sheets_account.connection.json",
        "name": "My Google Sheets account",
        "folder": "Automation Pro Training/Pro1"
      }
    },
    {
      "keyword": "application",
      "provider": "workato_variable",
      "skip_validation": false,
      "account_id": null
    },
    {
      "keyword": "application",
      "provider": "email",
      "skip_validation": false,
      "account_id": null
    }
  ]
}