{
  "name": "creat a csv file in google drive for all closed won opportunities in salesforce",
  "description": "",
  "version": 2,
  "private": true,
  "concurrency": 1,
  "code": {
    "number": 0,
    "provider": "clock",
    "name": "scheduled_event",
    "as": "f107c869",
    "title": null,
    "description": "<span class=\"provider\">Trigger</span> every 5 minutes",
    "keyword": "trigger",
    "input": {
      "time_unit": "minutes",
      "trigger_every": "5"
    },
    "extended_input_schema": [
      {
        "control_type": "integer",
        "default": "5",
        "enforce_template_mode": true,
        "extends_schema": true,
        "hint": "Define repeating schedule. Enter whole numbers only.\n                        This field can be set to a minimum of 5 minutes.",
        "label": "Trigger every",
        "name": "trigger_every",
        "optional": false,
        "suffix": {
          "text": "minutes"
        },
        "type": "string"
      },
      {
        "control_type": "select",
        "hint": "Select the timezone to use. Leave it blank to use <b>{{authUser.account_timezone}}</b>",
        "label": "Timezone",
        "name": "timezone",
        "optional": true,
        "pick_list": "timezone_id_global_pick_list",
        "pick_list_connection_less": true,
        "type": "string"
      },
      {
        "control_type": "date_time",
        "enforce_template_mode": true,
        "extends_schema": true,
        "hint": "Set date and time to start or leave blank to start immediately. <b>Once recipe has been run or tested, value cannot be changed.</b>",
        "label": "Start after",
        "name": "start_after",
        "optional": true,
        "parse_output": "date_time_conversion",
        "since_field": true,
        "type": "date_time",
        "ignore_timezone": true,
        "render_input": "date_time_conversion"
      }
    ],
    "block": [
      {
        "number": 1,
        "keyword": "try",
        "input": {
        },
        "block": [
          {
            "number": 2,
            "provider": "salesforce",
            "name": "search_sobjects",
            "as": "cf167028",
            "title": "Search Opportunities",
            "description": "Search for <span class=\"provider\">Opportunities</span> in <span class=\"provider\">Salesforce</span>",
            "keyword": "action",
            "dynamicPickListSelection": {
              "sobject_name": "Opportunity",
              "StageName": "Closed Won"
            },
            "toggleCfg": {
              "StageName": true
            },
            "input": {
              "limit": "150",
              "sobject_name": "Opportunity",
              "StageName": "Closed Won"
            },
            "extended_output_schema": [
              {
                "label": "Opportunities",
                "name": "Opportunity",
                "of": "object",
                "properties": [
                  {
                    "control_type": "text",
                    "label": "Account ID",
                    "foreign_key": "Account",
                    "fetch_with": "get_custom_object(id, sobject_name: Account)",
                    "join_point_label": "Account",
                    "optional": true,
                    "custom": false,
                    "sfdc_createable": true,
                    "sfdc_updateable": true,
                    "type": "string",
                    "name": "AccountId"
                  },
                  {
                    "name": "get_custom_object+AccountId",
                    "type": "object",
                    "label": "Account",
                    "fetch_with": "get_custom_object(AccountId>id, sobject_name: Account)",
                    "join_point": true,
                    "properties": [

                    ]
                  },
                  {
                    "control_type": "number",
                    "label": "Amount",
                    "parse_output": "float_conversion",
                    "optional": true,
                    "custom": false,
                    "sfdc_createable": true,
                    "sfdc_updateable": true,
                    "type": "number",
                    "name": "Amount"
                  },
                  {
                    "control_type": "text",
                    "label": "Campaign ID",
                    "foreign_key": "Campaign",
                    "fetch_with": "get_custom_object(id, sobject_name: Campaign)",
                    "join_point_label": "Campaign",
                    "optional": true,
                    "custom": false,
                    "sfdc_createable": true,
                    "sfdc_updateable": true,
                    "type": "string",
                    "name": "CampaignId"
                  },
                  {
                    "name": "get_custom_object+CampaignId",
                    "type": "object",
                    "label": "Campaign",
                    "fetch_with": "get_custom_object(CampaignId>id, sobject_name: Campaign)",
                    "join_point": true,
                    "properties": [

                    ]
                  },
                  {
                    "control_type": "date",
                    "label": "Close Date",
                    "render_input": "render_iso8601_date",
                    "parse_output": "parse_iso8601_date",
                    "custom": false,
                    "sfdc_createable": true,
                    "sfdc_updateable": true,
                    "type": "date_time",
                    "name": "CloseDate"
                  },
                  {
                    "control_type": "checkbox",
                    "label": "Closed",
                    "render_input": {
                    },
                    "parse_output": {
                    },
                    "toggle_hint": "Select from option list",
                    "toggle_field": {
                      "label": "Closed",
                      "control_type": "text",
                      "toggle_hint": "Use custom value",
                      "optional": true,
                      "custom": false,
                      "sfdc_createable": false,
                      "sfdc_updateable": false,
                      "type": "boolean",
                      "name": "IsClosed"
                    },
                    "optional": true,
                    "custom": false,
                    "sfdc_createable": false,
                    "sfdc_updateable": false,
                    "type": "boolean",
                    "name": "IsClosed"
                  },
                  {
                    "control_type": "text",
                    "label": "Contact ID",
                    "optional": true,
                    "custom": false,
                    "sfdc_createable": true,
                    "sfdc_updateable": false,
                    "type": "string",
                    "name": "ContactId"
                  },
                  {
                    "control_type": "text",
                    "label": "Created By ID",
                    "foreign_key": "User",
                    "fetch_with": "get_custom_object(id, sobject_name: User)",
                    "join_point_label": "Created  by",
                    "optional": true,
                    "custom": false,
                    "sfdc_createable": false,
                    "sfdc_updateable": false,
                    "type": "string",
                    "name": "CreatedById"
                  },
                  {
                    "name": "get_custom_object+CreatedById",
                    "type": "object",
                    "label": "Created  by",
                    "fetch_with": "get_custom_object(CreatedById>id, sobject_name: User)",
                    "join_point": true,
                    "properties": [

                    ]
                  },
                  {
                    "control_type": "date_time",
                    "label": "Created Date",
                    "render_input": "render_iso8601_timestamp",
                    "parse_output": "parse_iso8601_timestamp",
                    "optional": true,
                    "custom": false,
                    "sfdc_createable": false,
                    "sfdc_updateable": false,
                    "type": "date_time",
                    "name": "CreatedDate"
                  },
                  {
                    "control_type": "checkbox",
                    "label": "Deleted",
                    "render_input": {
                    },
                    "parse_output": {
                    },
                    "toggle_hint": "Select from option list",
                    "toggle_field": {
                      "label": "Deleted",
                      "control_type": "text",
                      "toggle_hint": "Use custom value",
                      "optional": true,
                      "custom": false,
                      "sfdc_createable": false,
                      "sfdc_updateable": false,
                      "type": "boolean",
                      "name": "IsDeleted"
                    },
                    "optional": true,
                    "custom": false,
                    "sfdc_createable": false,
                    "sfdc_updateable": false,
                    "type": "boolean",
                    "name": "IsDeleted"
                  },
                  {
                    "control_type": "text-area",
                    "label": "Description",
                    "optional": true,
                    "custom": false,
                    "sfdc_createable": true,
                    "sfdc_updateable": true,
                    "type": "string",
                    "name": "Description"
                  },
                  {
                    "control_type": "number",
                    "label": "Expected Amount",
                    "parse_output": "float_conversion",
                    "optional": true,
                    "custom": false,
                    "sfdc_createable": false,
                    "sfdc_updateable": false,
                    "type": "number",
                    "name": "ExpectedRevenue"
                  },
                  {
                    "control_type": "text",
                    "label": "Fiscal Period",
                    "optional": true,
                    "custom": false,
                    "sfdc_createable": false,
                    "sfdc_updateable": false,
                    "type": "string",
                    "name": "Fiscal"
                  },
                  {
                    "control_type": "number",
                    "label": "Fiscal Quarter",
                    "parse_output": "integer_conversion",
                    "optional": true,
                    "custom": false,
                    "sfdc_createable": false,
                    "sfdc_updateable": false,
                    "type": "integer",
                    "name": "FiscalQuarter"
                  },
                  {
                    "control_type": "number",
                    "label": "Fiscal Year",
                    "parse_output": "integer_conversion",
                    "optional": true,
                    "custom": false,
                    "sfdc_createable": false,
                    "sfdc_updateable": false,
                    "type": "integer",
                    "name": "FiscalYear"
                  },
                  {
                    "control_type": "select",
                    "label": "Forecast Category",
                    "pick_list": "sobject_field_values_list",
                    "pick_list_params": {
                      "sobject_name": "\"Opportunity\"",
                      "field_name": "\"ForecastCategory\""
                    },
                    "toggle_hint": "Select from list",
                    "toggle_field": {
                      "control_type": "text",
                      "label": "Forecast Category",
                      "toggle_hint": "Enter custom value",
                      "custom": false,
                      "sfdc_createable": false,
                      "sfdc_updateable": false,
                      "type": "string",
                      "name": "ForecastCategory"
                    },
                    "custom": false,
                    "sfdc_createable": false,
                    "sfdc_updateable": false,
                    "type": "string",
                    "name": "ForecastCategory"
                  },
                  {
                    "control_type": "select",
                    "label": "Forecast Category",
                    "pick_list": "sobject_field_values_list",
                    "pick_list_params": {
                      "sobject_name": "\"Opportunity\"",
                      "field_name": "\"ForecastCategoryName\""
                    },
                    "toggle_hint": "Select from list",
                    "toggle_field": {
                      "control_type": "text",
                      "label": "Forecast Category",
                      "toggle_hint": "Enter custom value",
                      "optional": true,
                      "custom": false,
                      "sfdc_createable": true,
                      "sfdc_updateable": true,
                      "type": "string",
                      "name": "ForecastCategoryName"
                    },
                    "optional": true,
                    "custom": false,
                    "sfdc_createable": true,
                    "sfdc_updateable": true,
                    "type": "string",
                    "name": "ForecastCategoryName"
                  },
                  {
                    "control_type": "checkbox",
                    "label": "Has Line Item",
                    "render_input": {
                    },
                    "parse_output": {
                    },
                    "toggle_hint": "Select from option list",
                    "toggle_field": {
                      "label": "Has Line Item",
                      "control_type": "text",
                      "toggle_hint": "Use custom value",
                      "optional": true,
                      "custom": false,
                      "sfdc_createable": false,
                      "sfdc_updateable": false,
                      "type": "boolean",
                      "name": "HasOpportunityLineItem"
                    },
                    "optional": true,
                    "custom": false,
                    "sfdc_createable": false,
                    "sfdc_updateable": false,
                    "type": "boolean",
                    "name": "HasOpportunityLineItem"
                  },
                  {
                    "control_type": "checkbox",
                    "label": "Has Open Activity",
                    "render_input": {
                    },
                    "parse_output": {
                    },
                    "toggle_hint": "Select from option list",
                    "toggle_field": {
                      "label": "Has Open Activity",
                      "control_type": "text",
                      "toggle_hint": "Use custom value",
                      "optional": true,
                      "custom": false,
                      "sfdc_createable": false,
                      "sfdc_updateable": false,
                      "type": "boolean",
                      "name": "HasOpenActivity"
                    },
                    "optional": true,
                    "custom": false,
                    "sfdc_createable": false,
                    "sfdc_updateable": false,
                    "type": "boolean",
                    "name": "HasOpenActivity"
                  },
                  {
                    "control_type": "checkbox",
                    "label": "Has Overdue Task",
                    "render_input": {
                    },
                    "parse_output": {
                    },
                    "toggle_hint": "Select from option list",
                    "toggle_field": {
                      "label": "Has Overdue Task",
                      "control_type": "text",
                      "toggle_hint": "Use custom value",
                      "optional": true,
                      "custom": false,
                      "sfdc_createable": false,
                      "sfdc_updateable": false,
                      "type": "boolean",
                      "name": "HasOverdueTask"
                    },
                    "optional": true,
                    "custom": false,
                    "sfdc_createable": false,
                    "sfdc_updateable": false,
                    "type": "boolean",
                    "name": "HasOverdueTask"
                  },
                  {
                    "control_type": "date",
                    "label": "Last Activity",
                    "render_input": "render_iso8601_date",
                    "parse_output": "parse_iso8601_date",
                    "optional": true,
                    "custom": false,
                    "sfdc_createable": false,
                    "sfdc_updateable": false,
                    "type": "date_time",
                    "name": "LastActivityDate"
                  },
                  {
                    "control_type": "text",
                    "label": "Last Modified By ID",
                    "foreign_key": "User",
                    "fetch_with": "get_custom_object(id, sobject_name: User)",
                    "join_point_label": "Last  modified  by",
                    "optional": true,
                    "custom": false,
                    "sfdc_createable": false,
                    "sfdc_updateable": false,
                    "type": "string",
                    "name": "LastModifiedById"
                  },
                  {
                    "name": "get_custom_object+LastModifiedById",
                    "type": "object",
                    "label": "Last  modified  by",
                    "fetch_with": "get_custom_object(LastModifiedById>id, sobject_name: User)",
                    "join_point": true,
                    "properties": [

                    ]
                  },
                  {
                    "control_type": "date_time",
                    "label": "Last Modified Date",
                    "render_input": "render_iso8601_timestamp",
                    "parse_output": "parse_iso8601_timestamp",
                    "optional": true,
                    "custom": false,
                    "sfdc_createable": false,
                    "sfdc_updateable": false,
                    "type": "date_time",
                    "name": "LastModifiedDate"
                  },
                  {
                    "control_type": "date_time",
                    "label": "Last Referenced Date",
                    "render_input": "render_iso8601_timestamp",
                    "parse_output": "parse_iso8601_timestamp",
                    "optional": true,
                    "custom": false,
                    "sfdc_createable": false,
                    "sfdc_updateable": false,
                    "type": "date_time",
                    "name": "LastReferencedDate"
                  },
                  {
                    "control_type": "date_time",
                    "label": "Last Stage Change Date",
                    "render_input": "render_iso8601_timestamp",
                    "parse_output": "parse_iso8601_timestamp",
                    "optional": true,
                    "custom": false,
                    "sfdc_createable": false,
                    "sfdc_updateable": false,
                    "type": "date_time",
                    "name": "LastStageChangeDate"
                  },
                  {
                    "control_type": "date_time",
                    "label": "Last Viewed Date",
                    "render_input": "render_iso8601_timestamp",
                    "parse_output": "parse_iso8601_timestamp",
                    "optional": true,
                    "custom": false,
                    "sfdc_createable": false,
                    "sfdc_updateable": false,
                    "type": "date_time",
                    "name": "LastViewedDate"
                  },
                  {
                    "control_type": "select",
                    "label": "Lead Source",
                    "pick_list": "sobject_field_values_list",
                    "pick_list_params": {
                      "sobject_name": "\"Opportunity\"",
                      "field_name": "\"LeadSource\""
                    },
                    "toggle_hint": "Select from list",
                    "toggle_field": {
                      "control_type": "text",
                      "label": "Lead Source",
                      "toggle_hint": "Enter custom value",
                      "optional": true,
                      "custom": false,
                      "sfdc_createable": true,
                      "sfdc_updateable": true,
                      "type": "string",
                      "name": "LeadSource"
                    },
                    "optional": true,
                    "custom": false,
                    "sfdc_createable": true,
                    "sfdc_updateable": true,
                    "type": "string",
                    "name": "LeadSource"
                  },
                  {
                    "control_type": "text",
                    "label": "Name",
                    "event_title": true,
                    "custom": false,
                    "sfdc_createable": true,
                    "sfdc_updateable": true,
                    "type": "string",
                    "name": "Name"
                  },
                  {
                    "control_type": "text",
                    "label": "Next Step",
                    "optional": true,
                    "custom": false,
                    "sfdc_createable": true,
                    "sfdc_updateable": true,
                    "type": "string",
                    "name": "NextStep"
                  },
                  {
                    "control_type": "text",
                    "label": "Opportunity History ID",
                    "foreign_key": "OpportunityHistory",
                    "fetch_with": "get_custom_object(id, sobject_name: OpportunityHistory)",
                    "join_point_label": "Opportunity  history",
                    "optional": true,
                    "custom": false,
                    "sfdc_createable": false,
                    "sfdc_updateable": false,
                    "type": "string",
                    "name": "LastAmountChangedHistoryId"
                  },
                  {
                    "name": "get_custom_object+LastAmountChangedHistoryId",
                    "type": "object",
                    "label": "Opportunity  history",
                    "fetch_with": "get_custom_object(LastAmountChangedHistoryId>id, sobject_name: OpportunityHistory)",
                    "join_point": true,
                    "properties": [

                    ]
                  },
                  {
                    "control_type": "text",
                    "label": "Opportunity History ID",
                    "foreign_key": "OpportunityHistory",
                    "fetch_with": "get_custom_object(id, sobject_name: OpportunityHistory)",
                    "join_point_label": "Opportunity  history",
                    "optional": true,
                    "custom": false,
                    "sfdc_createable": false,
                    "sfdc_updateable": false,
                    "type": "string",
                    "name": "LastCloseDateChangedHistoryId"
                  },
                  {
                    "name": "get_custom_object+LastCloseDateChangedHistoryId",
                    "type": "object",
                    "label": "Opportunity  history",
                    "fetch_with": "get_custom_object(LastCloseDateChangedHistoryId>id, sobject_name: OpportunityHistory)",
                    "join_point": true,
                    "properties": [

                    ]
                  },
                  {
                    "control_type": "text",
                    "label": "Opportunity ID",
                    "optional": true,
                    "custom": false,
                    "sfdc_createable": false,
                    "sfdc_updateable": false,
                    "type": "string",
                    "name": "Id"
                  },
                  {
                    "control_type": "select",
                    "label": "Opportunity Type",
                    "pick_list": "sobject_field_values_list",
                    "pick_list_params": {
                      "sobject_name": "\"Opportunity\"",
                      "field_name": "\"Type\""
                    },
                    "toggle_hint": "Select from list",
                    "toggle_field": {
                      "control_type": "text",
                      "label": "Opportunity Type",
                      "toggle_hint": "Enter custom value",
                      "optional": true,
                      "custom": false,
                      "sfdc_createable": true,
                      "sfdc_updateable": true,
                      "type": "string",
                      "name": "Type"
                    },
                    "optional": true,
                    "custom": false,
                    "sfdc_createable": true,
                    "sfdc_updateable": true,
                    "type": "string",
                    "name": "Type"
                  },
                  {
                    "control_type": "text",
                    "label": "Owner ID",
                    "foreign_key": "User",
                    "fetch_with": "get_custom_object(id, sobject_name: User)",
                    "join_point_label": "Owner",
                    "optional": true,
                    "custom": false,
                    "sfdc_createable": true,
                    "sfdc_updateable": true,
                    "type": "string",
                    "name": "OwnerId"
                  },
                  {
                    "name": "get_custom_object+OwnerId",
                    "type": "object",
                    "label": "Owner",
                    "fetch_with": "get_custom_object(OwnerId>id, sobject_name: User)",
                    "join_point": true,
                    "properties": [

                    ]
                  },
                  {
                    "control_type": "text",
                    "label": "Price Book ID",
                    "foreign_key": "Pricebook2",
                    "fetch_with": "get_custom_object(id, sobject_name: Pricebook2)",
                    "join_point_label": "Price  book",
                    "optional": true,
                    "custom": false,
                    "sfdc_createable": true,
                    "sfdc_updateable": true,
                    "type": "string",
                    "name": "Pricebook2Id"
                  },
                  {
                    "name": "get_custom_object+Pricebook2Id",
                    "type": "object",
                    "label": "Price  book",
                    "fetch_with": "get_custom_object(Pricebook2Id>id, sobject_name: Pricebook2)",
                    "join_point": true,
                    "properties": [

                    ]
                  },
                  {
                    "control_type": "checkbox",
                    "label": "Private",
                    "render_input": {
                    },
                    "parse_output": {
                    },
                    "toggle_hint": "Select from option list",
                    "toggle_field": {
                      "label": "Private",
                      "control_type": "text",
                      "toggle_hint": "Use custom value",
                      "optional": true,
                      "custom": false,
                      "sfdc_createable": true,
                      "sfdc_updateable": true,
                      "type": "boolean",
                      "name": "IsPrivate"
                    },
                    "optional": true,
                    "custom": false,
                    "sfdc_createable": true,
                    "sfdc_updateable": true,
                    "type": "boolean",
                    "name": "IsPrivate"
                  },
                  {
                    "control_type": "text",
                    "label": "Probability (%)",
                    "optional": true,
                    "custom": false,
                    "sfdc_createable": true,
                    "sfdc_updateable": true,
                    "type": "string",
                    "name": "Probability"
                  },
                  {
                    "control_type": "number",
                    "label": "Push Count",
                    "parse_output": "integer_conversion",
                    "optional": true,
                    "custom": false,
                    "sfdc_createable": false,
                    "sfdc_updateable": false,
                    "type": "integer",
                    "name": "PushCount"
                  },
                  {
                    "control_type": "number",
                    "label": "Quantity",
                    "parse_output": "float_conversion",
                    "optional": true,
                    "custom": false,
                    "sfdc_createable": true,
                    "sfdc_updateable": true,
                    "type": "number",
                    "name": "TotalOpportunityQuantity"
                  },
                  {
                    "control_type": "select",
                    "label": "Stage",
                    "pick_list": "sobject_field_values_list",
                    "pick_list_params": {
                      "sobject_name": "\"Opportunity\"",
                      "field_name": "\"StageName\""
                    },
                    "toggle_hint": "Select from list",
                    "toggle_field": {
                      "control_type": "text",
                      "label": "Stage",
                      "toggle_hint": "Enter custom value",
                      "custom": false,
                      "sfdc_createable": true,
                      "sfdc_updateable": true,
                      "type": "string",
                      "name": "StageName"
                    },
                    "custom": false,
                    "sfdc_createable": true,
                    "sfdc_updateable": true,
                    "type": "string",
                    "name": "StageName"
                  },
                  {
                    "control_type": "date_time",
                    "label": "System Modstamp",
                    "render_input": "render_iso8601_timestamp",
                    "parse_output": "parse_iso8601_timestamp",
                    "optional": true,
                    "custom": false,
                    "sfdc_createable": false,
                    "sfdc_updateable": false,
                    "type": "date_time",
                    "name": "SystemModstamp"
                  },
                  {
                    "control_type": "checkbox",
                    "label": "Won",
                    "render_input": {
                    },
                    "parse_output": {
                    },
                    "toggle_hint": "Select from option list",
                    "toggle_field": {
                      "label": "Won",
                      "control_type": "text",
                      "toggle_hint": "Use custom value",
                      "optional": true,
                      "custom": false,
                      "sfdc_createable": false,
                      "sfdc_updateable": false,
                      "type": "boolean",
                      "name": "IsWon"
                    },
                    "optional": true,
                    "custom": false,
                    "sfdc_createable": false,
                    "sfdc_updateable": false,
                    "type": "boolean",
                    "name": "IsWon"
                  },
                  {
                    "control_type": "text",
                    "label": "Current Generator(s)",
                    "optional": true,
                    "custom": true,
                    "sfdc_createable": true,
                    "sfdc_updateable": true,
                    "type": "string",
                    "name": "CurrentGenerators__c"
                  },
                  {
                    "control_type": "select",
                    "label": "Delivery/Installation Status",
                    "pick_list": "sobject_field_values_list",
                    "pick_list_params": {
                      "sobject_name": "\"Opportunity\"",
                      "field_name": "\"DeliveryInstallationStatus__c\""
                    },
                    "toggle_hint": "Select from list",
                    "toggle_field": {
                      "control_type": "text",
                      "label": "Delivery/Installation Status",
                      "toggle_hint": "Enter custom value",
                      "optional": true,
                      "custom": true,
                      "sfdc_createable": true,
                      "sfdc_updateable": true,
                      "type": "string",
                      "name": "DeliveryInstallationStatus__c"
                    },
                    "optional": true,
                    "custom": true,
                    "sfdc_createable": true,
                    "sfdc_updateable": true,
                    "type": "string",
                    "name": "DeliveryInstallationStatus__c"
                  },
                  {
                    "control_type": "text",
                    "label": "Main Competitor(s)",
                    "optional": true,
                    "custom": true,
                    "sfdc_createable": true,
                    "sfdc_updateable": true,
                    "type": "string",
                    "name": "MainCompetitors__c"
                  },
                  {
                    "control_type": "text",
                    "label": "Order Number",
                    "optional": true,
                    "custom": true,
                    "sfdc_createable": true,
                    "sfdc_updateable": true,
                    "type": "string",
                    "name": "OrderNumber__c"
                  },
                  {
                    "control_type": "text",
                    "label": "Tracking Number",
                    "optional": true,
                    "custom": true,
                    "sfdc_createable": true,
                    "sfdc_updateable": true,
                    "type": "string",
                    "name": "TrackingNumber__c"
                  },
                  {
                    "properties": [
                      {
                        "control_type": "number",
                        "label": "Total size",
                        "parse_output": "integer_conversion",
                        "type": "integer",
                        "name": "totalSize"
                      },
                      {
                        "name": "records",
                        "type": "array",
                        "of": "object",
                        "label": "Files",
                        "properties": [
                          {
                            "control_type": "text",
                            "label": "ID",
                            "type": "string",
                            "name": "Id"
                          },
                          {
                            "control_type": "number",
                            "label": "Content size",
                            "parse_output": "integer_conversion",
                            "type": "integer",
                            "name": "ContentSize"
                          },
                          {
                            "control_type": "url",
                            "label": "Content URL",
                            "type": "string",
                            "name": "ContentUrl"
                          },
                          {
                            "control_type": "text",
                            "label": "File extension",
                            "type": "string",
                            "name": "FileExtension"
                          },
                          {
                            "control_type": "text",
                            "label": "File type",
                            "type": "string",
                            "name": "FileType"
                          },
                          {
                            "control_type": "text",
                            "label": "Parent ID",
                            "type": "string",
                            "name": "ParentId"
                          },
                          {
                            "control_type": "text",
                            "label": "Record type",
                            "type": "string",
                            "name": "RecordType"
                          },
                          {
                            "control_type": "text",
                            "label": "Title",
                            "type": "string",
                            "name": "Title"
                          }
                        ]
                      }
                    ],
                    "label": "Combined attachments",
                    "sfdc_field_type": "CombinedAttachment",
                    "type": "object",
                    "name": "CombinedAttachments"
                  }
                ],
                "type": "array"
              },
              {
                "control_type": "number",
                "label": "List size",
                "name": "list_size",
                "parse_output": "integer_conversion",
                "type": "integer"
              }
            ],
            "extended_input_schema": [
              {
                "control_type": "text",
                "custom": false,
                "label": "Account ID",
                "name": "AccountId",
                "optional": true,
                "type": "string",
                "sfdc_createable": true,
                "sfdc_updateable": true
              },
              {
                "control_type": "number",
                "custom": false,
                "label": "Amount",
                "name": "Amount",
                "optional": true,
                "parse_output": "float_conversion",
                "type": "number",
                "sfdc_createable": true,
                "sfdc_updateable": true
              },
              {
                "control_type": "text",
                "custom": false,
                "label": "Campaign ID",
                "name": "CampaignId",
                "optional": true,
                "type": "string",
                "sfdc_createable": true,
                "sfdc_updateable": true
              },
              {
                "control_type": "date",
                "custom": false,
                "label": "Close Date",
                "name": "CloseDate",
                "optional": true,
                "parse_output": "parse_iso8601_date",
                "type": "date_time",
                "render_input": "render_iso8601_date",
                "sfdc_createable": true,
                "sfdc_updateable": true
              },
              {
                "control_type": "checkbox",
                "custom": false,
                "label": "Closed",
                "name": "IsClosed",
                "optional": true,
                "parse_output": {
                },
                "toggle_field": {
                  "label": "Closed",
                  "control_type": "text",
                  "toggle_hint": "Use custom value",
                  "optional": true,
                  "custom": false,
                  "sfdc_createable": false,
                  "sfdc_updateable": false,
                  "type": "boolean",
                  "name": "IsClosed"
                },
                "toggle_hint": "Select from option list",
                "type": "boolean",
                "render_input": {
                },
                "sfdc_createable": false,
                "sfdc_updateable": false
              },
              {
                "control_type": "text",
                "custom": false,
                "label": "Contact ID",
                "name": "ContactId",
                "optional": true,
                "type": "string",
                "sfdc_createable": true,
                "sfdc_updateable": false
              },
              {
                "control_type": "text",
                "custom": false,
                "label": "Created By ID",
                "name": "CreatedById",
                "optional": true,
                "type": "string",
                "sfdc_createable": false,
                "sfdc_updateable": false
              },
              {
                "control_type": "date_time",
                "custom": false,
                "label": "Created Date",
                "name": "CreatedDate",
                "optional": true,
                "parse_output": "parse_iso8601_timestamp",
                "type": "date_time",
                "render_input": "render_iso8601_timestamp",
                "sfdc_createable": false,
                "sfdc_updateable": false
              },
              {
                "control_type": "checkbox",
                "custom": false,
                "label": "Deleted",
                "name": "IsDeleted",
                "optional": true,
                "parse_output": {
                },
                "toggle_field": {
                  "label": "Deleted",
                  "control_type": "text",
                  "toggle_hint": "Use custom value",
                  "optional": true,
                  "custom": false,
                  "sfdc_createable": false,
                  "sfdc_updateable": false,
                  "type": "boolean",
                  "name": "IsDeleted"
                },
                "toggle_hint": "Select from option list",
                "type": "boolean",
                "render_input": {
                },
                "sfdc_createable": false,
                "sfdc_updateable": false
              },
              {
                "control_type": "number",
                "custom": false,
                "label": "Expected Amount",
                "name": "ExpectedRevenue",
                "optional": true,
                "parse_output": "float_conversion",
                "type": "number",
                "sfdc_createable": false,
                "sfdc_updateable": false
              },
              {
                "control_type": "text",
                "custom": false,
                "label": "Fiscal Period",
                "name": "Fiscal",
                "optional": true,
                "type": "string",
                "sfdc_createable": false,
                "sfdc_updateable": false
              },
              {
                "control_type": "number",
                "custom": false,
                "label": "Fiscal Quarter",
                "name": "FiscalQuarter",
                "optional": true,
                "parse_output": "integer_conversion",
                "type": "integer",
                "sfdc_createable": false,
                "sfdc_updateable": false
              },
              {
                "control_type": "number",
                "custom": false,
                "label": "Fiscal Year",
                "name": "FiscalYear",
                "optional": true,
                "parse_output": "integer_conversion",
                "type": "integer",
                "sfdc_createable": false,
                "sfdc_updateable": false
              },
              {
                "control_type": "select",
                "custom": false,
                "label": "Forecast Category",
                "name": "ForecastCategory",
                "optional": true,
                "pick_list": "sobject_field_values_list",
                "pick_list_params": {
                  "sobject_name": "\"Opportunity\"",
                  "field_name": "\"ForecastCategory\""
                },
                "toggle_field": {
                  "control_type": "text",
                  "label": "Forecast Category",
                  "toggle_hint": "Enter custom value",
                  "custom": false,
                  "sfdc_createable": false,
                  "sfdc_updateable": false,
                  "optional": true,
                  "type": "string",
                  "name": "ForecastCategory"
                },
                "toggle_hint": "Select from list",
                "type": "string",
                "sfdc_createable": false,
                "sfdc_updateable": false
              },
              {
                "control_type": "select",
                "custom": false,
                "label": "Forecast Category",
                "name": "ForecastCategoryName",
                "optional": true,
                "pick_list": "sobject_field_values_list",
                "pick_list_params": {
                  "sobject_name": "\"Opportunity\"",
                  "field_name": "\"ForecastCategoryName\""
                },
                "toggle_field": {
                  "control_type": "text",
                  "label": "Forecast Category",
                  "toggle_hint": "Enter custom value",
                  "optional": true,
                  "custom": false,
                  "sfdc_createable": true,
                  "sfdc_updateable": true,
                  "type": "string",
                  "name": "ForecastCategoryName"
                },
                "toggle_hint": "Select from list",
                "type": "string",
                "sfdc_createable": true,
                "sfdc_updateable": true
              },
              {
                "control_type": "checkbox",
                "custom": false,
                "label": "Has Line Item",
                "name": "HasOpportunityLineItem",
                "optional": true,
                "parse_output": {
                },
                "toggle_field": {
                  "label": "Has Line Item",
                  "control_type": "text",
                  "toggle_hint": "Use custom value",
                  "optional": true,
                  "custom": false,
                  "sfdc_createable": false,
                  "sfdc_updateable": false,
                  "type": "boolean",
                  "name": "HasOpportunityLineItem"
                },
                "toggle_hint": "Select from option list",
                "type": "boolean",
                "render_input": {
                },
                "sfdc_createable": false,
                "sfdc_updateable": false
              },
              {
                "control_type": "date",
                "custom": false,
                "label": "Last Activity",
                "name": "LastActivityDate",
                "optional": true,
                "parse_output": "parse_iso8601_date",
                "type": "date_time",
                "render_input": "render_iso8601_date",
                "sfdc_createable": false,
                "sfdc_updateable": false
              },
              {
                "control_type": "text",
                "custom": false,
                "label": "Last Modified By ID",
                "name": "LastModifiedById",
                "optional": true,
                "type": "string",
                "sfdc_createable": false,
                "sfdc_updateable": false
              },
              {
                "control_type": "date_time",
                "custom": false,
                "label": "Last Modified Date",
                "name": "LastModifiedDate",
                "optional": true,
                "parse_output": "parse_iso8601_timestamp",
                "type": "date_time",
                "render_input": "render_iso8601_timestamp",
                "sfdc_createable": false,
                "sfdc_updateable": false
              },
              {
                "control_type": "date_time",
                "custom": false,
                "label": "Last Referenced Date",
                "name": "LastReferencedDate",
                "optional": true,
                "parse_output": "parse_iso8601_timestamp",
                "type": "date_time",
                "render_input": "render_iso8601_timestamp",
                "sfdc_createable": false,
                "sfdc_updateable": false
              },
              {
                "control_type": "date_time",
                "custom": false,
                "label": "Last Stage Change Date",
                "name": "LastStageChangeDate",
                "optional": true,
                "parse_output": "parse_iso8601_timestamp",
                "type": "date_time",
                "render_input": "render_iso8601_timestamp",
                "sfdc_createable": false,
                "sfdc_updateable": false
              },
              {
                "control_type": "date_time",
                "custom": false,
                "label": "Last Viewed Date",
                "name": "LastViewedDate",
                "optional": true,
                "parse_output": "parse_iso8601_timestamp",
                "type": "date_time",
                "render_input": "render_iso8601_timestamp",
                "sfdc_createable": false,
                "sfdc_updateable": false
              },
              {
                "control_type": "select",
                "custom": false,
                "label": "Lead Source",
                "name": "LeadSource",
                "optional": true,
                "pick_list": "sobject_field_values_list",
                "pick_list_params": {
                  "sobject_name": "\"Opportunity\"",
                  "field_name": "\"LeadSource\""
                },
                "toggle_field": {
                  "control_type": "text",
                  "label": "Lead Source",
                  "toggle_hint": "Enter custom value",
                  "optional": true,
                  "custom": false,
                  "sfdc_createable": true,
                  "sfdc_updateable": true,
                  "type": "string",
                  "name": "LeadSource"
                },
                "toggle_hint": "Select from list",
                "type": "string",
                "sfdc_createable": true,
                "sfdc_updateable": true
              },
              {
                "control_type": "text",
                "custom": false,
                "label": "Name",
                "name": "Name",
                "optional": true,
                "sticky": true,
                "type": "string",
                "event_title": true,
                "sfdc_createable": true,
                "sfdc_updateable": true
              },
              {
                "control_type": "text",
                "custom": false,
                "label": "Next Step",
                "name": "NextStep",
                "optional": true,
                "type": "string",
                "sfdc_createable": true,
                "sfdc_updateable": true
              },
              {
                "control_type": "text",
                "custom": false,
                "label": "Opportunity History ID",
                "name": "LastAmountChangedHistoryId",
                "optional": true,
                "type": "string",
                "sfdc_createable": false,
                "sfdc_updateable": false
              },
              {
                "control_type": "text",
                "custom": false,
                "label": "Opportunity History ID",
                "name": "LastCloseDateChangedHistoryId",
                "optional": true,
                "type": "string",
                "sfdc_createable": false,
                "sfdc_updateable": false
              },
              {
                "control_type": "text",
                "custom": false,
                "label": "Opportunity ID",
                "name": "Id",
                "optional": true,
                "type": "string",
                "sfdc_createable": false,
                "sfdc_updateable": false
              },
              {
                "control_type": "select",
                "custom": false,
                "label": "Opportunity Type",
                "name": "Type",
                "optional": true,
                "pick_list": "sobject_field_values_list",
                "pick_list_params": {
                  "sobject_name": "\"Opportunity\"",
                  "field_name": "\"Type\""
                },
                "toggle_field": {
                  "control_type": "text",
                  "label": "Opportunity Type",
                  "toggle_hint": "Enter custom value",
                  "optional": true,
                  "custom": false,
                  "sfdc_createable": true,
                  "sfdc_updateable": true,
                  "type": "string",
                  "name": "Type"
                },
                "toggle_hint": "Select from list",
                "type": "string",
                "sfdc_createable": true,
                "sfdc_updateable": true
              },
              {
                "control_type": "text",
                "custom": false,
                "label": "Owner ID",
                "name": "OwnerId",
                "optional": true,
                "type": "string",
                "sfdc_createable": true,
                "sfdc_updateable": true
              },
              {
                "control_type": "text",
                "custom": false,
                "label": "Price Book ID",
                "name": "Pricebook2Id",
                "optional": true,
                "type": "string",
                "sfdc_createable": true,
                "sfdc_updateable": true
              },
              {
                "control_type": "checkbox",
                "custom": false,
                "label": "Private",
                "name": "IsPrivate",
                "optional": true,
                "parse_output": {
                },
                "toggle_field": {
                  "label": "Private",
                  "control_type": "text",
                  "toggle_hint": "Use custom value",
                  "optional": true,
                  "custom": false,
                  "sfdc_createable": true,
                  "sfdc_updateable": true,
                  "type": "boolean",
                  "name": "IsPrivate"
                },
                "toggle_hint": "Select from option list",
                "type": "boolean",
                "render_input": {
                },
                "sfdc_createable": true,
                "sfdc_updateable": true
              },
              {
                "control_type": "text",
                "custom": false,
                "label": "Probability (%)",
                "name": "Probability",
                "optional": true,
                "type": "string",
                "sfdc_createable": true,
                "sfdc_updateable": true
              },
              {
                "control_type": "number",
                "custom": false,
                "label": "Push Count",
                "name": "PushCount",
                "optional": true,
                "parse_output": "integer_conversion",
                "type": "integer",
                "sfdc_createable": false,
                "sfdc_updateable": false
              },
              {
                "control_type": "number",
                "custom": false,
                "label": "Quantity",
                "name": "TotalOpportunityQuantity",
                "optional": true,
                "parse_output": "float_conversion",
                "type": "number",
                "sfdc_createable": true,
                "sfdc_updateable": true
              },
              {
                "control_type": "select",
                "custom": false,
                "label": "Stage",
                "name": "StageName",
                "optional": true,
                "pick_list": "sobject_field_values_list",
                "pick_list_params": {
                  "sobject_name": "\"Opportunity\"",
                  "field_name": "\"StageName\""
                },
                "toggle_field": {
                  "control_type": "text",
                  "label": "Stage",
                  "toggle_hint": "Enter custom value",
                  "custom": false,
                  "sfdc_createable": true,
                  "sfdc_updateable": true,
                  "optional": true,
                  "type": "string",
                  "name": "StageName"
                },
                "toggle_hint": "Select from list",
                "type": "string",
                "sfdc_createable": true,
                "sfdc_updateable": true
              },
              {
                "control_type": "date_time",
                "custom": false,
                "label": "System Modstamp",
                "name": "SystemModstamp",
                "optional": true,
                "parse_output": "parse_iso8601_timestamp",
                "type": "date_time",
                "render_input": "render_iso8601_timestamp",
                "sfdc_createable": false,
                "sfdc_updateable": false
              },
              {
                "control_type": "checkbox",
                "custom": false,
                "label": "Won",
                "name": "IsWon",
                "optional": true,
                "parse_output": {
                },
                "toggle_field": {
                  "label": "Won",
                  "control_type": "text",
                  "toggle_hint": "Use custom value",
                  "optional": true,
                  "custom": false,
                  "sfdc_createable": false,
                  "sfdc_updateable": false,
                  "type": "boolean",
                  "name": "IsWon"
                },
                "toggle_hint": "Select from option list",
                "type": "boolean",
                "render_input": {
                },
                "sfdc_createable": false,
                "sfdc_updateable": false
              },
              {
                "control_type": "text",
                "custom": true,
                "label": "Current Generator(s)",
                "name": "CurrentGenerators__c",
                "optional": true,
                "type": "string",
                "sfdc_createable": true,
                "sfdc_updateable": true
              },
              {
                "control_type": "select",
                "custom": true,
                "label": "Delivery/Installation Status",
                "name": "DeliveryInstallationStatus__c",
                "optional": true,
                "pick_list": "sobject_field_values_list",
                "pick_list_params": {
                  "sobject_name": "\"Opportunity\"",
                  "field_name": "\"DeliveryInstallationStatus__c\""
                },
                "toggle_field": {
                  "control_type": "text",
                  "label": "Delivery/Installation Status",
                  "toggle_hint": "Enter custom value",
                  "optional": true,
                  "custom": true,
                  "sfdc_createable": true,
                  "sfdc_updateable": true,
                  "type": "string",
                  "name": "DeliveryInstallationStatus__c"
                },
                "toggle_hint": "Select from list",
                "type": "string",
                "sfdc_createable": true,
                "sfdc_updateable": true
              },
              {
                "control_type": "text",
                "custom": true,
                "label": "Main Competitor(s)",
                "name": "MainCompetitors__c",
                "optional": true,
                "type": "string",
                "sfdc_createable": true,
                "sfdc_updateable": true
              },
              {
                "control_type": "text",
                "custom": true,
                "label": "Order Number",
                "name": "OrderNumber__c",
                "optional": true,
                "type": "string",
                "sfdc_createable": true,
                "sfdc_updateable": true
              },
              {
                "control_type": "text",
                "custom": true,
                "label": "Tracking Number",
                "name": "TrackingNumber__c",
                "optional": true,
                "type": "string",
                "sfdc_createable": true,
                "sfdc_updateable": true
              },
              {
                "control_type": "checkbox",
                "disable_formula": true,
                "extends_schema": true,
                "hint": "Select <b>Yes</b> to obtain data from notes, attachments and files associated to the queried records. Default value is <b>Yes</b>.",
                "label": "Select combined attachments",
                "name": "include_combined_attachments",
                "optional": true,
                "parse_output": {
                },
                "support_pills": false,
                "type": "boolean",
                "render_input": {
                }
              }
            ],
            "visible_config_fields": [
              "sobject_name",
              "field_list",
              "limit",
              "Name",
              "StageName"
            ],
            "uuid": "5b0281ce-3939-41ff-ad55-016ecea837f0"
          },
          {
            "number": 3,
            "provider": "csv_parser",
            "name": "create_csv_lines",
            "as": "48206257",
            "title": null,
            "description": null,
            "keyword": "action",
            "toggleCfg": {
              "create_header_line": true,
              "force_quotes": true
            },
            "input": {
              "create_header_line": "true",
              "column_separator": ",",
              "force_quotes": "false",
              "column_labels": "Opportunity ID\nAccount ID\nName\nClose Date\nAmount",
              "lines": {
                "____source": "#{_dp('{\"pill_type\":\"output\",\"provider\":\"salesforce\",\"line\":\"cf167028\",\"path\":[\"Opportunity\"]}')}",
                "column_0": "#{_dp('{\"pill_type\":\"output\",\"provider\":\"salesforce\",\"line\":\"cf167028\",\"path\":[\"Opportunity\",{\"path_element_type\":\"current_item\"},\"Id\"]}')}",
                "column_1": "#{_dp('{\"pill_type\":\"output\",\"provider\":\"salesforce\",\"line\":\"cf167028\",\"path\":[\"Opportunity\",{\"path_element_type\":\"current_item\"},\"AccountId\"]}')}",
                "column_2": "#{_dp('{\"pill_type\":\"output\",\"provider\":\"salesforce\",\"line\":\"cf167028\",\"path\":[\"Opportunity\",{\"path_element_type\":\"current_item\"},\"Name\"]}')}",
                "column_3": "#{_dp('{\"pill_type\":\"output\",\"provider\":\"salesforce\",\"line\":\"cf167028\",\"path\":[\"Opportunity\",{\"path_element_type\":\"current_item\"},\"CloseDate\"]}')}",
                "column_4": "#{_dp('{\"pill_type\":\"output\",\"provider\":\"salesforce\",\"line\":\"cf167028\",\"path\":[\"Opportunity\",{\"path_element_type\":\"current_item\"},\"Amount\"]}')}"
              }
            },
            "extended_input_schema": [
              {
                "hint": "Provide field mappings for the CSV data below.",
                "label": "CSV data lines",
                "name": "lines",
                "of": "object",
                "properties": [
                  {
                    "control_type": "text",
                    "label": "Opportunity ID",
                    "optional": true,
                    "sticky": true,
                    "type": "string",
                    "name": "column_0"
                  },
                  {
                    "control_type": "text",
                    "label": "Account ID",
                    "optional": true,
                    "sticky": true,
                    "type": "string",
                    "name": "column_1"
                  },
                  {
                    "control_type": "text",
                    "label": "Name",
                    "optional": true,
                    "sticky": true,
                    "type": "string",
                    "name": "column_2"
                  },
                  {
                    "control_type": "text",
                    "label": "Close Date",
                    "optional": true,
                    "sticky": true,
                    "type": "string",
                    "name": "column_3"
                  },
                  {
                    "control_type": "text",
                    "label": "Amount",
                    "optional": true,
                    "sticky": true,
                    "type": "string",
                    "name": "column_4"
                  }
                ],
                "type": "array"
              }
            ],
            "uuid": "6b69e79a-0ac4-4dbc-8bac-441efb3fa9ce"
          },
          {
            "number": 4,
            "provider": "google_drive",
            "name": "upload_file_stream",
            "as": "12d6e146",
            "title": null,
            "description": null,
            "keyword": "action",
            "dynamicPickListSelection": {
              "folderId": {
                "ids": [
                  "0AE0L35aKgCHGUk9PVA",
                  "1hQfxw6JIXissTnhSue6-1ppk0XPRsf-0"
                ],
                "titles": [
                  "My Drive",
                  "ABCD"
                ]
              },
              "parents": {
                "ids": [
                  "0AE0L35aKgCHGUk9PVA",
                  "1hQfxw6JIXissTnhSue6-1ppk0XPRsf-0"
                ],
                "titles": [
                  "My Drive",
                  "ABCD"
                ]
              }
            },
            "input": {
              "name": "Salesforce closed won opportunities.csv",
              "fileContent": "#{_dp('{\"pill_type\":\"output\",\"provider\":\"csv_parser\",\"line\":\"48206257\",\"path\":[\"csv_lines\"]}')}",
              "parents": "1hQfxw6JIXissTnhSue6-1ppk0XPRsf-0"
            },
            "uuid": "9a318142-f42f-4322-aa44-90bd8f97128f"
          },
          {
            "number": 5,
            "as": "afc5ec20",
            "keyword": "catch",
            "input": {
              "max_retry_count": "1",
              "retry_interval": "2"
            },
            "block": [
              {
                "number": 6,
                "provider": "logger",
                "name": "log_message",
                "as": "de858423",
                "title": null,
                "description": "Log <span class=\"provider\">message</span> to <span class=\"provider\">Job report</span>",
                "keyword": "action",
                "input": {
                  "message": "#{_dp('{\"pill_type\":\"output\",\"provider\":\"catch\",\"line\":\"afc5ec20\",\"path\":[\"message\"]}')}"
                },
                "uuid": "07a205c8-c8e7-41eb-bc19-e0dbfadf2ac6"
              }
            ],
            "uuid": "66853d34-2616-48fe-996f-f2bdd4a0ceb7"
          }
        ],
        "uuid": "a0a8b233-b541-4e12-aec2-84a29c83503e"
      }
    ],
    "uuid": "256f7198-3a7a-4142-a9c6-75453c40d5fc",
    "unfinished": false
  },
  "config": [
    {
      "keyword": "application",
      "provider": "clock",
      "skip_validation": false,
      "account_id": null
    },
    {
      "keyword": "application",
      "provider": "salesforce",
      "skip_validation": false,
      "account_id": {
        "zip_name": "Automation Pro Training/Pro1/my_salesforce_account.connection.json",
        "name": "My Salesforce account",
        "folder": "Automation Pro Training/Pro1"
      }
    },
    {
      "keyword": "application",
      "provider": "csv_parser",
      "skip_validation": false,
      "account_id": null
    },
    {
      "keyword": "application",
      "provider": "google_drive",
      "skip_validation": false,
      "account_id": {
        "zip_name": "Automation Pro Training/Pro1/my_google_drive_account.connection.json",
        "name": "My Google Drive account",
        "folder": "Automation Pro Training/Pro1"
      }
    },
    {
      "keyword": "application",
      "provider": "logger",
      "skip_validation": false,
      "account_id": null
    }
  ]
}