{
  "name": "Drive to lookup tables",
  "description": "",
  "version": 11,
  "private": true,
  "concurrency": 1,
  "code": {
    "number": 0,
    "provider": "google_drive",
    "name": "new_file_or_folder",
    "as": "ed511e0a",
    "title": null,
    "description": null,
    "keyword": "trigger",
    "dynamicPickListSelection": {
      "folderId": {
        "ids": [
          "0AE0L35aKgCHGUk9PVA",
          "1hQfxw6JIXissTnhSue6-1ppk0XPRsf-0"
        ],
        "titles": [
          "My Drive",
          "ABCD"
        ]
      }
    },
    "toggleCfg": {
      "folderId": true
    },
    "input": {
      "folderId": "1hQfxw6JIXissTnhSue6-1ppk0XPRsf-0"
    },
    "filter": {
      "conditions": [
        {
          "operand": "equals_to",
          "lhs": "#{_dp('{\"pill_type\":\"output\",\"provider\":\"google_drive\",\"line\":\"ed511e0a\",\"path\":[\"name\"]}')}",
          "rhs": "Customer Contact List - Sheet1 - New Columns.csv",
          "uuid": "c777b060-74ff-47db-a9bf-4bb8f3c827b9"
        }
      ],
      "operand": "and",
      "type": "compound"
    },
    "block": [
      {
        "number": 1,
        "keyword": "try",
        "input": {
        },
        "block": [
          {
            "number": 2,
            "provider": "csv_parser",
            "name": "parse_csv",
            "as": "a1c357fd",
            "title": null,
            "description": null,
            "keyword": "action",
            "input": {
              "col_sep": ",",
              "skip_first_line": "true",
              "column_value_by": "index",
              "quote_char": "\"",
              "csv_content": "#{_dp('{\"pill_type\":\"output\",\"provider\":\"google_drive\",\"line\":\"ed511e0a\",\"path\":[\"fileContent\"]}')}",
              "header_schema": "[{\"control_type\":\"text\",\"label\":\"First  name\",\"type\":\"string\",\"name\":\"First Name\"},{\"control_type\":\"text\",\"label\":\"Last  name\",\"type\":\"string\",\"name\":\"Last Name\"},{\"control_type\":\"text\",\"label\":\"Email  address\",\"type\":\"string\",\"name\":\"Email Address\"},{\"control_type\":\"text\",\"label\":\"Industry\",\"type\":\"string\",\"name\":\"Industry\"},{\"control_type\":\"text\",\"label\":\"Status\",\"type\":\"string\",\"name\":\"Status\"},{\"control_type\":\"text\",\"label\":\"Street\",\"type\":\"string\",\"name\":\"Street\"},{\"control_type\":\"text\",\"label\":\"Phone\",\"type\":\"string\",\"name\":\"Phone\"},{\"control_type\":\"text\",\"label\":\"Birthdate\",\"type\":\"string\",\"name\":\"Birthdate\"}]"
            },
            "extended_output_schema": [
              {
                "label": "Lines",
                "name": "lines",
                "of": "object",
                "properties": [
                  {
                    "control_type": "text",
                    "label": "First Name",
                    "type": "string",
                    "name": "column_0"
                  },
                  {
                    "control_type": "text",
                    "label": "Last Name",
                    "type": "string",
                    "name": "column_1"
                  },
                  {
                    "control_type": "text",
                    "label": "Email Address",
                    "type": "string",
                    "name": "column_2"
                  },
                  {
                    "control_type": "text",
                    "label": "Industry",
                    "type": "string",
                    "name": "column_3"
                  },
                  {
                    "control_type": "text",
                    "label": "Status",
                    "type": "string",
                    "name": "column_4"
                  },
                  {
                    "control_type": "text",
                    "label": "Street",
                    "type": "string",
                    "name": "column_5"
                  },
                  {
                    "control_type": "text",
                    "label": "Phone",
                    "type": "string",
                    "name": "column_6"
                  },
                  {
                    "control_type": "text",
                    "label": "Birthdate",
                    "type": "string",
                    "name": "column_7"
                  }
                ],
                "type": "array"
              }
            ],
            "uuid": "1422d211-5779-43e7-9356-e379a5bcfd80"
          },
          {
            "number": 3,
            "provider": "workato_variable",
            "name": "declare_variable",
            "as": "381681a8",
            "title": "  Create variable CSV_to_JSON",
            "description": "Create variable <span class=\"provider\">CSV_to_JSON</span>",
            "keyword": "action",
            "input": {
              "variables": {
                "schema": "[{\"control_type\":\"text\",\"label\":\"CSV_to_JSON\",\"name\":\"sdhgs\",\"type\":\"string\",\"optional\":true,\"details\":{\"real_name\":\"sdhgs\"},\"parent\":[\"variables\",\"data\"],\"hint\":\"Defaults to nil if not supplied.\",\"sticky\":true}]",
                "data": {
                  "sdhgs": "=_dp('{\"pill_type\":\"output\",\"provider\":\"csv_parser\",\"line\":\"a1c357fd\",\"path\":[\"lines\"]}').to_json"
                }
              }
            },
            "extended_output_schema": [
              {
                "control_type": "text",
                "hint": "Defaults to nil if not supplied.",
                "label": "CSV_to_JSON",
                "name": "sdhgs",
                "optional": true,
                "sticky": true,
                "type": "string",
                "details": {
                  "real_name": "sdhgs"
                }
              }
            ],
            "extended_input_schema": [
              {
                "add_field_label": "Add a variable",
                "control_type": "form-schema-builder",
                "empty_schema_title": "Add variables by giving them a name, type and default value",
                "exclude_fields": [
                  "hint"
                ],
                "item_label": "variable",
                "label": "Variables",
                "mark_as_required": true,
                "name": "variables",
                "ngIf": "!input.name",
                "optional": true,
                "properties": [
                  {
                    "control_type": "text",
                    "label": "Schema",
                    "extends_schema": true,
                    "broadcast_change_event": true,
                    "type": "string",
                    "name": "schema"
                  },
                  {
                    "properties": [
                      {
                        "control_type": "text",
                        "label": "CSV_to_JSON",
                        "name": "sdhgs",
                        "type": "string",
                        "optional": true,
                        "details": {
                          "real_name": "sdhgs"
                        },
                        "parent": [
                          "variables",
                          "data"
                        ],
                        "hint": "Defaults to nil if not supplied.",
                        "sticky": true
                      }
                    ],
                    "label": "Data",
                    "type": "object",
                    "name": "data"
                  }
                ],
                "type": "object"
              }
            ],
            "visible_config_fields": [
              "variables.data.sdhgs"
            ],
            "uuid": "7439a512-59d3-42fd-8784-6993d55bd028"
          },
          {
            "number": 4,
            "provider": "lookup_table",
            "name": "add_batch_of_entries",
            "as": "90f716a7",
            "title": null,
            "description": "\n      Add\n      <span class=\"provider\">entries</span>\n      to\n      <span class=\"provider\">drive</span>\n      lookup table\n    ",
            "keyword": "action",
            "dynamicPickListSelection": {
              "lookup_table_id": "drive"
            },
            "input": {
              "lookup_table_id": {
                "zip_name": "drive.lookup_table.json",
                "name": "drive",
                "folder": ""
              },
              "entries": {
                "____source": "#{_dp('{\"pill_type\":\"output\",\"provider\":\"csv_parser\",\"line\":\"a1c357fd\",\"path\":[\"lines\"]}')}",
                "parameters": {
                  "col1": "#{_dp('{\"pill_type\":\"output\",\"provider\":\"csv_parser\",\"line\":\"a1c357fd\",\"path\":[\"lines\",{\"path_element_type\":\"current_item\"},\"column_0\"]}')}",
                  "col2": "#{_dp('{\"pill_type\":\"output\",\"provider\":\"csv_parser\",\"line\":\"a1c357fd\",\"path\":[\"lines\",{\"path_element_type\":\"current_item\"},\"column_1\"]}')}",
                  "col3": "#{_dp('{\"pill_type\":\"output\",\"provider\":\"csv_parser\",\"line\":\"a1c357fd\",\"path\":[\"lines\",{\"path_element_type\":\"current_item\"},\"column_2\"]}')}",
                  "col4": "#{_dp('{\"pill_type\":\"output\",\"provider\":\"csv_parser\",\"line\":\"a1c357fd\",\"path\":[\"lines\",{\"path_element_type\":\"current_item\"},\"column_3\"]}')}",
                  "col5": "#{_dp('{\"pill_type\":\"output\",\"provider\":\"csv_parser\",\"line\":\"a1c357fd\",\"path\":[\"lines\",{\"path_element_type\":\"current_item\"},\"column_4\"]}')}",
                  "col6": "#{_dp('{\"pill_type\":\"output\",\"provider\":\"csv_parser\",\"line\":\"a1c357fd\",\"path\":[\"lines\",{\"path_element_type\":\"current_item\"},\"column_5\"]}')}",
                  "col7": "#{_dp('{\"pill_type\":\"output\",\"provider\":\"csv_parser\",\"line\":\"a1c357fd\",\"path\":[\"lines\",{\"path_element_type\":\"current_item\"},\"column_6\"]}')}"
                }
              }
            },
            "extended_input_schema": [
              {
                "hint": "Provide an array of entries",
                "label": "Entries",
                "name": "entries",
                "of": "object",
                "properties": [
                  {
                    "properties": [
                      {
                        "control_type": "text",
                        "label": "First Name",
                        "name": "col1",
                        "type": "string",
                        "sticky": true,
                        "optional": true
                      },
                      {
                        "control_type": "text",
                        "label": "Last Name",
                        "name": "col2",
                        "type": "string",
                        "sticky": true,
                        "optional": true
                      },
                      {
                        "control_type": "text",
                        "label": "Email Address",
                        "name": "col3",
                        "type": "string",
                        "sticky": true,
                        "optional": true
                      },
                      {
                        "control_type": "text",
                        "label": "Industry",
                        "name": "col4",
                        "type": "string",
                        "sticky": true,
                        "optional": true
                      },
                      {
                        "control_type": "text",
                        "label": "Status",
                        "name": "col5",
                        "type": "string",
                        "sticky": true,
                        "optional": true
                      },
                      {
                        "control_type": "text",
                        "label": "Street",
                        "name": "col6",
                        "type": "string",
                        "sticky": true,
                        "optional": true
                      },
                      {
                        "control_type": "text",
                        "label": "Phone",
                        "name": "col7",
                        "type": "string",
                        "sticky": true,
                        "optional": true
                      }
                    ],
                    "label": "Entry fields",
                    "hint": "Fill the fields for the new entry",
                    "type": "object",
                    "name": "parameters"
                  }
                ],
                "type": "array"
              }
            ],
            "uuid": "32d1e1b2-1abe-4abb-8c08-b8615931ea2c"
          },
          {
            "number": 5,
            "as": "492afe25",
            "keyword": "catch",
            "input": {
              "max_retry_count": "1",
              "retry_interval": "2"
            },
            "block": [
              {
                "number": 6,
                "provider": "logger",
                "name": "log_message",
                "as": "1de5e870",
                "title": null,
                "description": "Log <span class=\"provider\">message</span> to <span class=\"provider\">Job report</span>",
                "keyword": "action",
                "input": {
                  "message": "#{_dp('{\"pill_type\":\"output\",\"provider\":\"catch\",\"line\":\"492afe25\",\"path\":[\"message\"]}')}"
                },
                "uuid": "fc43cebb-2ec5-4b61-8430-563ebcd87271"
              }
            ],
            "uuid": "13b1eb64-962c-4782-8e25-be81d762c85f"
          }
        ],
        "uuid": "f63ca1e6-8977-43a7-a369-170efcb22926"
      }
    ],
    "uuid": "fff4e57c-7245-44af-996c-0ad4a5372965",
    "unfinished": false
  },
  "config": [
    {
      "keyword": "application",
      "provider": "google_drive",
      "skip_validation": false,
      "account_id": {
        "zip_name": "Automation Pro Training/Pro1/my_google_drive_account.connection.json",
        "name": "My Google Drive account",
        "folder": "Automation Pro Training/Pro1"
      }
    },
    {
      "keyword": "application",
      "provider": "lookup_table",
      "skip_validation": false,
      "account_id": null
    },
    {
      "keyword": "application",
      "provider": "logger",
      "skip_validation": false,
      "account_id": null
    },
    {
      "keyword": "application",
      "provider": "csv_parser",
      "skip_validation": false,
      "account_id": null
    },
    {
      "keyword": "application",
      "provider": "workato_variable",
      "skip_validation": false,
      "account_id": null
    }
  ]
}