{
  "name": "Recipe function",
  "description": "",
  "version": 1,
  "private": true,
  "concurrency": 1,
  "code": {
    "number": 0,
    "provider": "workato_recipe_function",
    "name": "execute",
    "as": "8d9b4112",
    "title": null,
    "description": null,
    "keyword": "trigger",
    "input": {
    },
    "block": [
      {
        "number": 1,
        "keyword": "action",
        "input": {
        },
        "uuid": "1f5d0045-41e9-47c2-9746-19c9ba98c359"
      },
      {
        "number": 2,
        "provider": "workato_recipe_function",
        "name": "return_result",
        "as": "4a1f2570",
        "keyword": "action",
        "input": {
        },
        "uuid": "5d1cf25e-bdf8-41c2-bab7-08a0ed5844c2"
      }
    ],
    "uuid": "b0b2e0a7-12eb-4568-8f15-888c387aefc3",
    "unfinished": false
  },
  "config": [
    {
      "keyword": "application",
      "provider": "workato_recipe_function",
      "skip_validation": false,
      "account_id": null
    }
  ]
}