{
  "name": "Add a contact to Customer contact List",
  "description": "",
  "version": 2,
  "private": true,
  "concurrency": 1,
  "code": {
    "number": 0,
    "provider": "clock",
    "name": "scheduled_event",
    "as": "245d90f4",
    "title": null,
    "description": "<span class=\"provider\">Trigger</span> every 5 minutes",
    "keyword": "trigger",
    "input": {
      "time_unit": "minutes",
      "trigger_every": "5"
    },
    "extended_input_schema": [
      {
        "control_type": "integer",
        "default": "5",
        "enforce_template_mode": true,
        "extends_schema": true,
        "hint": "Define repeating schedule. Enter whole numbers only.\n                        This field can be set to a minimum of 5 minutes.",
        "label": "Trigger every",
        "name": "trigger_every",
        "optional": false,
        "suffix": {
          "text": "minutes"
        },
        "type": "string"
      },
      {
        "control_type": "select",
        "hint": "Select the timezone to use. Leave it blank to use <b>{{authUser.account_timezone}}</b>",
        "label": "Timezone",
        "name": "timezone",
        "optional": true,
        "pick_list": "timezone_id_global_pick_list",
        "pick_list_connection_less": true,
        "type": "string"
      },
      {
        "control_type": "date_time",
        "enforce_template_mode": true,
        "extends_schema": true,
        "hint": "Set date and time to start or leave blank to start immediately. <b>Once recipe has been run or tested, value cannot be changed.</b>",
        "label": "Start after",
        "name": "start_after",
        "optional": true,
        "parse_output": "date_time_conversion",
        "since_field": true,
        "type": "date_time",
        "ignore_timezone": true,
        "render_input": "date_time_conversion"
      }
    ],
    "block": [
      {
        "number": 1,
        "provider": "google_sheets",
        "name": "add_spreadsheet_row_v4",
        "as": "3a6c9610",
        "title": null,
        "description": null,
        "keyword": "action",
        "dynamicPickListSelection": {
          "spreadsheet": "Customer Contact List"
        },
        "toggleCfg": {
          "is_top_left": true
        },
        "input": {
          "team_drives": "my_drive",
          "is_top_left": "true",
          "spreadsheet": "1v9nPKfwoE9j1pEavIhwslOJa_TKYWtPPIp2bs5dzJ7w",
          "sheet": "Sheet1",
          "data": {
            "col_1": "Akhil",
            "col_2": "Reddy",
            "col_3": "Akhilreddy@gmail.com"
          }
        },
        "extended_input_schema": [
          {
            "control_type": "select",
            "extends_schema": true,
            "hint": "Select a sheet to add row to. The sheet must have at least one header row. <a href='https://docs.workato.com/connectors/google-sheets/action-add-row.html#setting-up-the-google-sheet' target='_blank'>Learn more</a>",
            "label": "Sheet",
            "name": "sheet",
            "optional": false,
            "pick_list": [
              [
                "Sheet1",
                "Sheet1"
              ]
            ],
            "toggle_field": {
              "control_type": "text",
              "label": "Sheet name",
              "toggle_hint": "Use sheet name",
              "extends_schema": true,
              "change_on_blur": true,
              "toggle_to_secondary_hint": "Use sheet name",
              "toggle_to_primary_hint": "Select a sheet",
              "hint": "Use <b>Sheet name</b> pill from the output of other Google Sheets’ triggers/actions. Or enter sheet name manually. The sheet must have at least 1 header row and 1 data row in input field.",
              "type": "string",
              "name": "sheet_name"
            },
            "toggle_hint": "Select a sheet",
            "type": "string"
          },
          {
            "hint": "Input values of the new row.",
            "label": "Columns",
            "name": "data",
            "properties": [
              {
                "control_type": "text",
                "label": "First Name",
                "sticky": true,
                "optional": true,
                "type": "string",
                "name": "col_1"
              },
              {
                "control_type": "text",
                "label": "Last Name",
                "sticky": true,
                "optional": true,
                "type": "string",
                "name": "col_2"
              },
              {
                "control_type": "text",
                "label": "Email Address",
                "sticky": true,
                "optional": true,
                "type": "string",
                "name": "col_3"
              }
            ],
            "type": "object"
          }
        ],
        "uuid": "c5e601be-a857-4893-b7b5-d4115dc0a3ed"
      }
    ],
    "uuid": "abcfcc72-b600-45a2-9e09-33b911c14dab",
    "unfinished": false
  },
  "config": [
    {
      "keyword": "application",
      "provider": "clock",
      "skip_validation": false,
      "account_id": null
    },
    {
      "keyword": "application",
      "provider": "google_sheets",
      "skip_validation": false,
      "account_id": {
        "zip_name": "Automation Pro Training/Pro1/my_google_sheets_account.connection.json",
        "name": "My Google Sheets account",
        "folder": "Automation Pro Training/Pro1"
      }
    }
  ]
}