{
  "name": "Create a contact in Salesforce.",
  "description": "",
  "version": 3,
  "private": true,
  "concurrency": 1,
  "code": {
    "number": 0,
    "provider": "clock",
    "name": "scheduled_event",
    "as": "87df51ae",
    "title": null,
    "description": "<span class=\"provider\">Trigger</span> every 5 minutes",
    "keyword": "trigger",
    "input": {
      "time_unit": "minutes",
      "trigger_every": "5"
    },
    "extended_input_schema": [
      {
        "control_type": "integer",
        "default": "5",
        "enforce_template_mode": true,
        "extends_schema": true,
        "hint": "Define repeating schedule. Enter whole numbers only.\n                        This field can be set to a minimum of 5 minutes.",
        "label": "Trigger every",
        "name": "trigger_every",
        "optional": false,
        "suffix": {
          "text": "minutes"
        },
        "type": "string"
      },
      {
        "control_type": "select",
        "hint": "Select the timezone to use. Leave it blank to use <b>{{authUser.account_timezone}}</b>",
        "label": "Timezone",
        "name": "timezone",
        "optional": true,
        "pick_list": "timezone_id_global_pick_list",
        "pick_list_connection_less": true,
        "type": "string"
      },
      {
        "control_type": "date_time",
        "enforce_template_mode": true,
        "extends_schema": true,
        "hint": "Set date and time to start or leave blank to start immediately. <b>Once recipe has been run or tested, value cannot be changed.</b>",
        "label": "Start after",
        "name": "start_after",
        "optional": true,
        "parse_output": "date_time_conversion",
        "since_field": true,
        "type": "date_time",
        "ignore_timezone": true,
        "render_input": "date_time_conversion"
      }
    ],
    "block": [
      {
        "number": 1,
        "provider": "salesforce",
        "name": "create_custom_object",
        "as": "ddb06130",
        "title": "Create Contact",
        "description": "Create <span class=\"provider\">Contact</span> in <span class=\"provider\">Salesforce</span>",
        "keyword": "action",
        "dynamicPickListSelection": {
          "sobject_name": "Contact"
        },
        "input": {
          "sobject_name": "Contact",
          "LastName": "elka",
          "Email": "akhilelka1999@gmail.com",
          "FirstName": "Akhil",
          "Phone": "0123456789",
          "MailingCity": "Hyderabad",
          "MailingCountry": "India",
          "MailingState": "Telangana",
          "MailingStreet": "Kukatpally",
          "MailingPostalCode": "504296"
        },
        "extended_input_schema": [
          {
            "control_type": "text",
            "custom": false,
            "label": "Last Name",
            "name": "LastName",
            "type": "string",
            "sfdc_createable": true,
            "sfdc_updateable": true
          },
          {
            "control_type": "text",
            "custom": false,
            "label": "Account ID",
            "name": "AccountId",
            "optional": true,
            "sticky": true,
            "type": "string",
            "sfdc_createable": true,
            "sfdc_updateable": true
          },
          {
            "control_type": "text",
            "custom": false,
            "label": "Assistant's Name",
            "name": "AssistantName",
            "optional": true,
            "type": "string",
            "sfdc_createable": true,
            "sfdc_updateable": true
          },
          {
            "control_type": "phone",
            "custom": false,
            "label": "Asst. Phone",
            "name": "AssistantPhone",
            "optional": true,
            "type": "string",
            "sfdc_createable": true,
            "sfdc_updateable": true
          },
          {
            "control_type": "date",
            "custom": false,
            "label": "Birthdate",
            "name": "Birthdate",
            "optional": true,
            "parse_output": "parse_iso8601_date",
            "type": "date_time",
            "render_input": "render_iso8601_date",
            "sfdc_createable": true,
            "sfdc_updateable": true
          },
          {
            "control_type": "phone",
            "custom": false,
            "label": "Business Fax",
            "name": "Fax",
            "optional": true,
            "type": "string",
            "sfdc_createable": true,
            "sfdc_updateable": true
          },
          {
            "control_type": "phone",
            "custom": false,
            "label": "Business Phone",
            "name": "Phone",
            "optional": true,
            "sticky": true,
            "type": "string",
            "sfdc_createable": true,
            "sfdc_updateable": true
          },
          {
            "control_type": "select",
            "custom": false,
            "label": "Clean Status",
            "name": "CleanStatus",
            "optional": true,
            "pick_list": "sobject_field_values_list",
            "pick_list_params": {
              "sobject_name": "\"Contact\"",
              "field_name": "\"CleanStatus\""
            },
            "toggle_field": {
              "control_type": "text",
              "label": "Clean Status",
              "toggle_hint": "Enter custom value",
              "optional": true,
              "custom": false,
              "sfdc_createable": true,
              "sfdc_updateable": true,
              "type": "string",
              "name": "CleanStatus"
            },
            "toggle_hint": "Select from list",
            "type": "string",
            "sfdc_createable": true,
            "sfdc_updateable": true
          },
          {
            "control_type": "text-area",
            "custom": false,
            "label": "Contact Description",
            "name": "Description",
            "optional": true,
            "type": "string",
            "sfdc_createable": true,
            "sfdc_updateable": true
          },
          {
            "control_type": "text",
            "custom": false,
            "label": "Data.com Key",
            "name": "Jigsaw",
            "optional": true,
            "type": "string",
            "sfdc_createable": true,
            "sfdc_updateable": true
          },
          {
            "control_type": "text",
            "custom": false,
            "label": "Department",
            "name": "Department",
            "optional": true,
            "type": "string",
            "sfdc_createable": true,
            "sfdc_updateable": true
          },
          {
            "control_type": "text",
            "custom": false,
            "label": "Email",
            "name": "Email",
            "optional": true,
            "sticky": true,
            "type": "string",
            "sfdc_createable": true,
            "sfdc_updateable": true
          },
          {
            "control_type": "date_time",
            "custom": false,
            "label": "Email Bounced Date",
            "name": "EmailBouncedDate",
            "optional": true,
            "parse_output": "parse_iso8601_timestamp",
            "type": "date_time",
            "render_input": "render_iso8601_timestamp",
            "sfdc_createable": true,
            "sfdc_updateable": true
          },
          {
            "control_type": "text",
            "custom": false,
            "label": "Email Bounced Reason",
            "name": "EmailBouncedReason",
            "optional": true,
            "type": "string",
            "sfdc_createable": true,
            "sfdc_updateable": true
          },
          {
            "control_type": "text",
            "custom": false,
            "label": "First Name",
            "name": "FirstName",
            "optional": true,
            "sticky": true,
            "type": "string",
            "sfdc_createable": true,
            "sfdc_updateable": true
          },
          {
            "control_type": "phone",
            "custom": false,
            "label": "Home Phone",
            "name": "HomePhone",
            "optional": true,
            "type": "string",
            "sfdc_createable": true,
            "sfdc_updateable": true
          },
          {
            "control_type": "text",
            "custom": false,
            "label": "Individual ID",
            "name": "IndividualId",
            "optional": true,
            "type": "string",
            "sfdc_createable": true,
            "sfdc_updateable": true
          },
          {
            "control_type": "select",
            "custom": false,
            "label": "Lead Source",
            "name": "LeadSource",
            "optional": true,
            "pick_list": "sobject_field_values_list",
            "pick_list_params": {
              "sobject_name": "\"Contact\"",
              "field_name": "\"LeadSource\""
            },
            "toggle_field": {
              "control_type": "text",
              "label": "Lead Source",
              "toggle_hint": "Enter custom value",
              "optional": true,
              "custom": false,
              "sfdc_createable": true,
              "sfdc_updateable": true,
              "type": "string",
              "name": "LeadSource"
            },
            "toggle_hint": "Select from list",
            "type": "string",
            "sfdc_createable": true,
            "sfdc_updateable": true
          },
          {
            "control_type": "text",
            "custom": false,
            "label": "Mailing City",
            "name": "MailingCity",
            "optional": true,
            "sticky": true,
            "type": "string",
            "sfdc_createable": true,
            "sfdc_updateable": true
          },
          {
            "control_type": "text",
            "custom": false,
            "label": "Mailing Country",
            "name": "MailingCountry",
            "optional": true,
            "sticky": true,
            "type": "string",
            "sfdc_createable": true,
            "sfdc_updateable": true
          },
          {
            "control_type": "select",
            "custom": false,
            "label": "Mailing Geocode Accuracy",
            "name": "MailingGeocodeAccuracy",
            "optional": true,
            "pick_list": "sobject_field_values_list",
            "pick_list_params": {
              "sobject_name": "\"Contact\"",
              "field_name": "\"MailingGeocodeAccuracy\""
            },
            "toggle_field": {
              "control_type": "text",
              "label": "Mailing Geocode Accuracy",
              "toggle_hint": "Enter custom value",
              "optional": true,
              "custom": false,
              "sfdc_createable": true,
              "sfdc_updateable": true,
              "type": "string",
              "name": "MailingGeocodeAccuracy"
            },
            "toggle_hint": "Select from list",
            "type": "string",
            "sfdc_createable": true,
            "sfdc_updateable": true
          },
          {
            "control_type": "number",
            "custom": false,
            "label": "Mailing Latitude",
            "name": "MailingLatitude",
            "optional": true,
            "parse_output": "float_conversion",
            "type": "number",
            "sfdc_createable": true,
            "sfdc_updateable": true
          },
          {
            "control_type": "number",
            "custom": false,
            "label": "Mailing Longitude",
            "name": "MailingLongitude",
            "optional": true,
            "parse_output": "float_conversion",
            "type": "number",
            "sfdc_createable": true,
            "sfdc_updateable": true
          },
          {
            "control_type": "text",
            "custom": false,
            "label": "Mailing State/Province",
            "name": "MailingState",
            "optional": true,
            "sticky": true,
            "type": "string",
            "sfdc_createable": true,
            "sfdc_updateable": true
          },
          {
            "control_type": "text-area",
            "custom": false,
            "label": "Mailing Street",
            "name": "MailingStreet",
            "optional": true,
            "sticky": true,
            "type": "string",
            "sfdc_createable": true,
            "sfdc_updateable": true
          },
          {
            "control_type": "text",
            "custom": false,
            "label": "Mailing Zip/Postal Code",
            "name": "MailingPostalCode",
            "optional": true,
            "sticky": true,
            "type": "string",
            "sfdc_createable": true,
            "sfdc_updateable": true
          },
          {
            "control_type": "phone",
            "custom": false,
            "label": "Mobile Phone",
            "name": "MobilePhone",
            "optional": true,
            "sticky": true,
            "type": "string",
            "sfdc_createable": true,
            "sfdc_updateable": true
          },
          {
            "control_type": "text",
            "custom": false,
            "label": "Other City",
            "name": "OtherCity",
            "optional": true,
            "type": "string",
            "sfdc_createable": true,
            "sfdc_updateable": true
          },
          {
            "control_type": "text",
            "custom": false,
            "label": "Other Country",
            "name": "OtherCountry",
            "optional": true,
            "type": "string",
            "sfdc_createable": true,
            "sfdc_updateable": true
          },
          {
            "control_type": "select",
            "custom": false,
            "label": "Other Geocode Accuracy",
            "name": "OtherGeocodeAccuracy",
            "optional": true,
            "pick_list": "sobject_field_values_list",
            "pick_list_params": {
              "sobject_name": "\"Contact\"",
              "field_name": "\"OtherGeocodeAccuracy\""
            },
            "toggle_field": {
              "control_type": "text",
              "label": "Other Geocode Accuracy",
              "toggle_hint": "Enter custom value",
              "optional": true,
              "custom": false,
              "sfdc_createable": true,
              "sfdc_updateable": true,
              "type": "string",
              "name": "OtherGeocodeAccuracy"
            },
            "toggle_hint": "Select from list",
            "type": "string",
            "sfdc_createable": true,
            "sfdc_updateable": true
          },
          {
            "control_type": "number",
            "custom": false,
            "label": "Other Latitude",
            "name": "OtherLatitude",
            "optional": true,
            "parse_output": "float_conversion",
            "type": "number",
            "sfdc_createable": true,
            "sfdc_updateable": true
          },
          {
            "control_type": "number",
            "custom": false,
            "label": "Other Longitude",
            "name": "OtherLongitude",
            "optional": true,
            "parse_output": "float_conversion",
            "type": "number",
            "sfdc_createable": true,
            "sfdc_updateable": true
          },
          {
            "control_type": "phone",
            "custom": false,
            "label": "Other Phone",
            "name": "OtherPhone",
            "optional": true,
            "type": "string",
            "sfdc_createable": true,
            "sfdc_updateable": true
          },
          {
            "control_type": "text",
            "custom": false,
            "label": "Other State/Province",
            "name": "OtherState",
            "optional": true,
            "type": "string",
            "sfdc_createable": true,
            "sfdc_updateable": true
          },
          {
            "control_type": "text-area",
            "custom": false,
            "label": "Other Street",
            "name": "OtherStreet",
            "optional": true,
            "type": "string",
            "sfdc_createable": true,
            "sfdc_updateable": true
          },
          {
            "control_type": "text",
            "custom": false,
            "label": "Other Zip/Postal Code",
            "name": "OtherPostalCode",
            "optional": true,
            "type": "string",
            "sfdc_createable": true,
            "sfdc_updateable": true
          },
          {
            "control_type": "text",
            "custom": false,
            "label": "Owner ID",
            "name": "OwnerId",
            "optional": true,
            "type": "string",
            "sfdc_createable": true,
            "sfdc_updateable": true
          },
          {
            "control_type": "text",
            "custom": false,
            "label": "Reports To ID",
            "name": "ReportsToId",
            "optional": true,
            "type": "string",
            "sfdc_createable": true,
            "sfdc_updateable": true
          },
          {
            "control_type": "select",
            "custom": false,
            "label": "Salutation",
            "name": "Salutation",
            "optional": true,
            "pick_list": "sobject_field_values_list",
            "pick_list_params": {
              "sobject_name": "\"Contact\"",
              "field_name": "\"Salutation\""
            },
            "toggle_field": {
              "control_type": "text",
              "label": "Salutation",
              "toggle_hint": "Enter custom value",
              "optional": true,
              "custom": false,
              "sfdc_createable": true,
              "sfdc_updateable": true,
              "type": "string",
              "name": "Salutation"
            },
            "toggle_hint": "Select from list",
            "type": "string",
            "sfdc_createable": true,
            "sfdc_updateable": true
          },
          {
            "control_type": "text",
            "custom": false,
            "label": "Title",
            "name": "Title",
            "optional": true,
            "type": "string",
            "sfdc_createable": true,
            "sfdc_updateable": true
          },
          {
            "control_type": "text",
            "custom": true,
            "label": "Languages",
            "name": "Languages__c",
            "optional": true,
            "type": "string",
            "sfdc_createable": true,
            "sfdc_updateable": true
          },
          {
            "control_type": "select",
            "custom": true,
            "label": "Level",
            "name": "Level__c",
            "optional": true,
            "pick_list": "sobject_field_values_list",
            "pick_list_params": {
              "sobject_name": "\"Contact\"",
              "field_name": "\"Level__c\""
            },
            "toggle_field": {
              "control_type": "text",
              "label": "Level",
              "toggle_hint": "Enter custom value",
              "optional": true,
              "custom": true,
              "sfdc_createable": true,
              "sfdc_updateable": true,
              "type": "string",
              "name": "Level__c"
            },
            "toggle_hint": "Select from list",
            "type": "string",
            "sfdc_createable": true,
            "sfdc_updateable": true
          }
        ],
        "uuid": "c21726a3-da56-4bc0-baea-e4adf3977419"
      }
    ],
    "uuid": "cbd5d387-2f22-41b2-a947-b2401ba004f2",
    "unfinished": false
  },
  "config": [
    {
      "keyword": "application",
      "provider": "clock",
      "skip_validation": false,
      "account_id": null
    },
    {
      "keyword": "application",
      "provider": "salesforce",
      "skip_validation": false,
      "account_id": {
        "zip_name": "Automation Pro Training/Pro1/my_salesforce_account.connection.json",
        "name": "My Salesforce account",
        "folder": "Automation Pro Training/Pro1"
      }
    }
  ]
}