{
  "name": "New/updated opportunity will create a case to onboard Customers.",
  "description": "",
  "version": 3,
  "private": true,
  "concurrency": 1,
  "code": {
    "number": 0,
    "provider": "salesforce",
    "name": "updated_custom_object",
    "as": "5d24c08c",
    "title": "New/updated Opportunity",
    "description": "New/updated <span class=\"provider\">Opportunity</span> in <span class=\"provider\">Salesforce</span>",
    "keyword": "trigger",
    "dynamicPickListSelection": {
      "sobject_name": "Opportunity"
    },
    "input": {
      "sobject_name": "Opportunity",
      "since_offset": "-3600"
    },
    "filter": {
      "conditions": [
        {
          "operand": "equals_to",
          "lhs": "#{_dp('{\"pill_type\":\"output\",\"provider\":\"salesforce\",\"line\":\"5d24c08c\",\"path\":[\"StageName\"]}')}",
          "rhs": "Closed Won",
          "uuid": "31790921-83bc-427e-9294-be83f26eeddd"
        }
      ],
      "operand": "and",
      "type": "compound"
    },
    "extended_output_schema": [
      {
        "control_type": "text",
        "custom": false,
        "fetch_with": "get_custom_object(id, sobject_name: Account)",
        "label": "Account ID",
        "name": "AccountId",
        "optional": true,
        "type": "string",
        "foreign_key": "Account",
        "join_point_label": "Account",
        "sfdc_createable": true,
        "sfdc_updateable": true
      },
      {
        "fetch_with": "get_custom_object(AccountId>id, sobject_name: Account)",
        "join_point": true,
        "label": "Account",
        "name": "get_custom_object+AccountId",
        "properties": [

        ],
        "type": "object"
      },
      {
        "control_type": "number",
        "custom": false,
        "label": "Amount",
        "name": "Amount",
        "optional": true,
        "parse_output": "float_conversion",
        "type": "number",
        "sfdc_createable": true,
        "sfdc_updateable": true
      },
      {
        "control_type": "text",
        "custom": false,
        "fetch_with": "get_custom_object(id, sobject_name: Campaign)",
        "label": "Campaign ID",
        "name": "CampaignId",
        "optional": true,
        "type": "string",
        "foreign_key": "Campaign",
        "join_point_label": "Campaign",
        "sfdc_createable": true,
        "sfdc_updateable": true
      },
      {
        "fetch_with": "get_custom_object(CampaignId>id, sobject_name: Campaign)",
        "join_point": true,
        "label": "Campaign",
        "name": "get_custom_object+CampaignId",
        "properties": [

        ],
        "type": "object"
      },
      {
        "control_type": "date",
        "custom": false,
        "label": "Close Date",
        "name": "CloseDate",
        "parse_output": "parse_iso8601_date",
        "type": "date_time",
        "render_input": "render_iso8601_date",
        "sfdc_createable": true,
        "sfdc_updateable": true
      },
      {
        "control_type": "checkbox",
        "custom": false,
        "label": "Closed",
        "name": "IsClosed",
        "optional": true,
        "parse_output": {
        },
        "toggle_field": {
          "label": "Closed",
          "control_type": "text",
          "toggle_hint": "Use custom value",
          "optional": true,
          "custom": false,
          "sfdc_createable": false,
          "sfdc_updateable": false,
          "type": "boolean",
          "name": "IsClosed"
        },
        "toggle_hint": "Select from option list",
        "type": "boolean",
        "render_input": {
        },
        "sfdc_createable": false,
        "sfdc_updateable": false
      },
      {
        "control_type": "text",
        "custom": false,
        "label": "Contact ID",
        "name": "ContactId",
        "optional": true,
        "type": "string",
        "sfdc_createable": true,
        "sfdc_updateable": false
      },
      {
        "control_type": "text",
        "custom": false,
        "fetch_with": "get_custom_object(id, sobject_name: User)",
        "label": "Created By ID",
        "name": "CreatedById",
        "optional": true,
        "type": "string",
        "foreign_key": "User",
        "join_point_label": "Created  by",
        "sfdc_createable": false,
        "sfdc_updateable": false
      },
      {
        "fetch_with": "get_custom_object(CreatedById>id, sobject_name: User)",
        "join_point": true,
        "label": "Created  by",
        "name": "get_custom_object+CreatedById",
        "properties": [

        ],
        "type": "object"
      },
      {
        "control_type": "date_time",
        "custom": false,
        "label": "Created Date",
        "name": "CreatedDate",
        "optional": true,
        "parse_output": "parse_iso8601_timestamp",
        "type": "date_time",
        "render_input": "render_iso8601_timestamp",
        "sfdc_createable": false,
        "sfdc_updateable": false
      },
      {
        "control_type": "checkbox",
        "custom": false,
        "label": "Deleted",
        "name": "IsDeleted",
        "optional": true,
        "parse_output": {
        },
        "toggle_field": {
          "label": "Deleted",
          "control_type": "text",
          "toggle_hint": "Use custom value",
          "optional": true,
          "custom": false,
          "sfdc_createable": false,
          "sfdc_updateable": false,
          "type": "boolean",
          "name": "IsDeleted"
        },
        "toggle_hint": "Select from option list",
        "type": "boolean",
        "render_input": {
        },
        "sfdc_createable": false,
        "sfdc_updateable": false
      },
      {
        "control_type": "text-area",
        "custom": false,
        "label": "Description",
        "name": "Description",
        "optional": true,
        "type": "string",
        "sfdc_createable": true,
        "sfdc_updateable": true
      },
      {
        "control_type": "number",
        "custom": false,
        "label": "Expected Amount",
        "name": "ExpectedRevenue",
        "optional": true,
        "parse_output": "float_conversion",
        "type": "number",
        "sfdc_createable": false,
        "sfdc_updateable": false
      },
      {
        "control_type": "text",
        "custom": false,
        "label": "Fiscal Period",
        "name": "Fiscal",
        "optional": true,
        "type": "string",
        "sfdc_createable": false,
        "sfdc_updateable": false
      },
      {
        "control_type": "number",
        "custom": false,
        "label": "Fiscal Quarter",
        "name": "FiscalQuarter",
        "optional": true,
        "parse_output": "integer_conversion",
        "type": "integer",
        "sfdc_createable": false,
        "sfdc_updateable": false
      },
      {
        "control_type": "number",
        "custom": false,
        "label": "Fiscal Year",
        "name": "FiscalYear",
        "optional": true,
        "parse_output": "integer_conversion",
        "type": "integer",
        "sfdc_createable": false,
        "sfdc_updateable": false
      },
      {
        "control_type": "select",
        "custom": false,
        "label": "Forecast Category",
        "name": "ForecastCategory",
        "pick_list": "sobject_field_values_list",
        "pick_list_params": {
          "sobject_name": "\"Opportunity\"",
          "field_name": "\"ForecastCategory\""
        },
        "toggle_field": {
          "control_type": "text",
          "label": "Forecast Category",
          "toggle_hint": "Enter custom value",
          "custom": false,
          "sfdc_createable": false,
          "sfdc_updateable": false,
          "type": "string",
          "name": "ForecastCategory"
        },
        "toggle_hint": "Select from list",
        "type": "string",
        "sfdc_createable": false,
        "sfdc_updateable": false
      },
      {
        "control_type": "select",
        "custom": false,
        "label": "Forecast Category",
        "name": "ForecastCategoryName",
        "optional": true,
        "pick_list": "sobject_field_values_list",
        "pick_list_params": {
          "sobject_name": "\"Opportunity\"",
          "field_name": "\"ForecastCategoryName\""
        },
        "toggle_field": {
          "control_type": "text",
          "label": "Forecast Category",
          "toggle_hint": "Enter custom value",
          "optional": true,
          "custom": false,
          "sfdc_createable": true,
          "sfdc_updateable": true,
          "type": "string",
          "name": "ForecastCategoryName"
        },
        "toggle_hint": "Select from list",
        "type": "string",
        "sfdc_createable": true,
        "sfdc_updateable": true
      },
      {
        "control_type": "checkbox",
        "custom": false,
        "label": "Has Line Item",
        "name": "HasOpportunityLineItem",
        "optional": true,
        "parse_output": {
        },
        "toggle_field": {
          "label": "Has Line Item",
          "control_type": "text",
          "toggle_hint": "Use custom value",
          "optional": true,
          "custom": false,
          "sfdc_createable": false,
          "sfdc_updateable": false,
          "type": "boolean",
          "name": "HasOpportunityLineItem"
        },
        "toggle_hint": "Select from option list",
        "type": "boolean",
        "render_input": {
        },
        "sfdc_createable": false,
        "sfdc_updateable": false
      },
      {
        "control_type": "checkbox",
        "custom": false,
        "label": "Has Open Activity",
        "name": "HasOpenActivity",
        "optional": true,
        "parse_output": {
        },
        "toggle_field": {
          "label": "Has Open Activity",
          "control_type": "text",
          "toggle_hint": "Use custom value",
          "optional": true,
          "custom": false,
          "sfdc_createable": false,
          "sfdc_updateable": false,
          "type": "boolean",
          "name": "HasOpenActivity"
        },
        "toggle_hint": "Select from option list",
        "type": "boolean",
        "render_input": {
        },
        "sfdc_createable": false,
        "sfdc_updateable": false
      },
      {
        "control_type": "checkbox",
        "custom": false,
        "label": "Has Overdue Task",
        "name": "HasOverdueTask",
        "optional": true,
        "parse_output": {
        },
        "toggle_field": {
          "label": "Has Overdue Task",
          "control_type": "text",
          "toggle_hint": "Use custom value",
          "optional": true,
          "custom": false,
          "sfdc_createable": false,
          "sfdc_updateable": false,
          "type": "boolean",
          "name": "HasOverdueTask"
        },
        "toggle_hint": "Select from option list",
        "type": "boolean",
        "render_input": {
        },
        "sfdc_createable": false,
        "sfdc_updateable": false
      },
      {
        "control_type": "date",
        "custom": false,
        "label": "Last Activity",
        "name": "LastActivityDate",
        "optional": true,
        "parse_output": "parse_iso8601_date",
        "type": "date_time",
        "render_input": "render_iso8601_date",
        "sfdc_createable": false,
        "sfdc_updateable": false
      },
      {
        "control_type": "text",
        "custom": false,
        "fetch_with": "get_custom_object(id, sobject_name: User)",
        "label": "Last Modified By ID",
        "name": "LastModifiedById",
        "optional": true,
        "type": "string",
        "foreign_key": "User",
        "join_point_label": "Last  modified  by",
        "sfdc_createable": false,
        "sfdc_updateable": false
      },
      {
        "fetch_with": "get_custom_object(LastModifiedById>id, sobject_name: User)",
        "join_point": true,
        "label": "Last  modified  by",
        "name": "get_custom_object+LastModifiedById",
        "properties": [

        ],
        "type": "object"
      },
      {
        "control_type": "date_time",
        "custom": false,
        "label": "Last Modified Date",
        "name": "LastModifiedDate",
        "optional": true,
        "parse_output": "parse_iso8601_timestamp",
        "type": "date_time",
        "render_input": "render_iso8601_timestamp",
        "sfdc_createable": false,
        "sfdc_updateable": false
      },
      {
        "control_type": "date_time",
        "custom": false,
        "label": "Last Referenced Date",
        "name": "LastReferencedDate",
        "optional": true,
        "parse_output": "parse_iso8601_timestamp",
        "type": "date_time",
        "render_input": "render_iso8601_timestamp",
        "sfdc_createable": false,
        "sfdc_updateable": false
      },
      {
        "control_type": "date_time",
        "custom": false,
        "label": "Last Stage Change Date",
        "name": "LastStageChangeDate",
        "optional": true,
        "parse_output": "parse_iso8601_timestamp",
        "type": "date_time",
        "render_input": "render_iso8601_timestamp",
        "sfdc_createable": false,
        "sfdc_updateable": false
      },
      {
        "control_type": "date_time",
        "custom": false,
        "label": "Last Viewed Date",
        "name": "LastViewedDate",
        "optional": true,
        "parse_output": "parse_iso8601_timestamp",
        "type": "date_time",
        "render_input": "render_iso8601_timestamp",
        "sfdc_createable": false,
        "sfdc_updateable": false
      },
      {
        "control_type": "select",
        "custom": false,
        "label": "Lead Source",
        "name": "LeadSource",
        "optional": true,
        "pick_list": "sobject_field_values_list",
        "pick_list_params": {
          "sobject_name": "\"Opportunity\"",
          "field_name": "\"LeadSource\""
        },
        "toggle_field": {
          "control_type": "text",
          "label": "Lead Source",
          "toggle_hint": "Enter custom value",
          "optional": true,
          "custom": false,
          "sfdc_createable": true,
          "sfdc_updateable": true,
          "type": "string",
          "name": "LeadSource"
        },
        "toggle_hint": "Select from list",
        "type": "string",
        "sfdc_createable": true,
        "sfdc_updateable": true
      },
      {
        "control_type": "text",
        "custom": false,
        "label": "Name",
        "name": "Name",
        "type": "string",
        "event_title": true,
        "sfdc_createable": true,
        "sfdc_updateable": true
      },
      {
        "control_type": "text",
        "custom": false,
        "label": "Next Step",
        "name": "NextStep",
        "optional": true,
        "type": "string",
        "sfdc_createable": true,
        "sfdc_updateable": true
      },
      {
        "control_type": "text",
        "custom": false,
        "fetch_with": "get_custom_object(id, sobject_name: OpportunityHistory)",
        "label": "Opportunity History ID",
        "name": "LastAmountChangedHistoryId",
        "optional": true,
        "type": "string",
        "foreign_key": "OpportunityHistory",
        "join_point_label": "Opportunity  history",
        "sfdc_createable": false,
        "sfdc_updateable": false
      },
      {
        "fetch_with": "get_custom_object(LastAmountChangedHistoryId>id, sobject_name: OpportunityHistory)",
        "join_point": true,
        "label": "Opportunity  history",
        "name": "get_custom_object+LastAmountChangedHistoryId",
        "properties": [

        ],
        "type": "object"
      },
      {
        "control_type": "text",
        "custom": false,
        "fetch_with": "get_custom_object(id, sobject_name: OpportunityHistory)",
        "label": "Opportunity History ID",
        "name": "LastCloseDateChangedHistoryId",
        "optional": true,
        "type": "string",
        "foreign_key": "OpportunityHistory",
        "join_point_label": "Opportunity  history",
        "sfdc_createable": false,
        "sfdc_updateable": false
      },
      {
        "fetch_with": "get_custom_object(LastCloseDateChangedHistoryId>id, sobject_name: OpportunityHistory)",
        "join_point": true,
        "label": "Opportunity  history",
        "name": "get_custom_object+LastCloseDateChangedHistoryId",
        "properties": [

        ],
        "type": "object"
      },
      {
        "control_type": "text",
        "custom": false,
        "label": "Opportunity ID",
        "name": "Id",
        "optional": true,
        "type": "string",
        "key_scope": "Opportunity",
        "sfdc_createable": false,
        "sfdc_updateable": false
      },
      {
        "control_type": "select",
        "custom": false,
        "label": "Opportunity Type",
        "name": "Type",
        "optional": true,
        "pick_list": "sobject_field_values_list",
        "pick_list_params": {
          "sobject_name": "\"Opportunity\"",
          "field_name": "\"Type\""
        },
        "toggle_field": {
          "control_type": "text",
          "label": "Opportunity Type",
          "toggle_hint": "Enter custom value",
          "optional": true,
          "custom": false,
          "sfdc_createable": true,
          "sfdc_updateable": true,
          "type": "string",
          "name": "Type"
        },
        "toggle_hint": "Select from list",
        "type": "string",
        "sfdc_createable": true,
        "sfdc_updateable": true
      },
      {
        "control_type": "text",
        "custom": false,
        "fetch_with": "get_custom_object(id, sobject_name: User)",
        "label": "Owner ID",
        "name": "OwnerId",
        "optional": true,
        "type": "string",
        "foreign_key": "User",
        "join_point_label": "Owner",
        "sfdc_createable": true,
        "sfdc_updateable": true
      },
      {
        "fetch_with": "get_custom_object(OwnerId>id, sobject_name: User)",
        "join_point": true,
        "label": "Owner",
        "name": "get_custom_object+OwnerId",
        "properties": [

        ],
        "type": "object"
      },
      {
        "control_type": "text",
        "custom": false,
        "fetch_with": "get_custom_object(id, sobject_name: Pricebook2)",
        "label": "Price Book ID",
        "name": "Pricebook2Id",
        "optional": true,
        "type": "string",
        "foreign_key": "Pricebook2",
        "join_point_label": "Price  book",
        "sfdc_createable": true,
        "sfdc_updateable": true
      },
      {
        "fetch_with": "get_custom_object(Pricebook2Id>id, sobject_name: Pricebook2)",
        "join_point": true,
        "label": "Price  book",
        "name": "get_custom_object+Pricebook2Id",
        "properties": [

        ],
        "type": "object"
      },
      {
        "control_type": "checkbox",
        "custom": false,
        "label": "Private",
        "name": "IsPrivate",
        "optional": true,
        "parse_output": {
        },
        "toggle_field": {
          "label": "Private",
          "control_type": "text",
          "toggle_hint": "Use custom value",
          "optional": true,
          "custom": false,
          "sfdc_createable": true,
          "sfdc_updateable": true,
          "type": "boolean",
          "name": "IsPrivate"
        },
        "toggle_hint": "Select from option list",
        "type": "boolean",
        "render_input": {
        },
        "sfdc_createable": true,
        "sfdc_updateable": true
      },
      {
        "control_type": "text",
        "custom": false,
        "label": "Probability (%)",
        "name": "Probability",
        "optional": true,
        "type": "string",
        "sfdc_createable": true,
        "sfdc_updateable": true
      },
      {
        "control_type": "number",
        "custom": false,
        "label": "Push Count",
        "name": "PushCount",
        "optional": true,
        "parse_output": "integer_conversion",
        "type": "integer",
        "sfdc_createable": false,
        "sfdc_updateable": false
      },
      {
        "control_type": "number",
        "custom": false,
        "label": "Quantity",
        "name": "TotalOpportunityQuantity",
        "optional": true,
        "parse_output": "float_conversion",
        "type": "number",
        "sfdc_createable": true,
        "sfdc_updateable": true
      },
      {
        "control_type": "select",
        "custom": false,
        "label": "Stage",
        "name": "StageName",
        "pick_list": "sobject_field_values_list",
        "pick_list_params": {
          "sobject_name": "\"Opportunity\"",
          "field_name": "\"StageName\""
        },
        "toggle_field": {
          "control_type": "text",
          "label": "Stage",
          "toggle_hint": "Enter custom value",
          "custom": false,
          "sfdc_createable": true,
          "sfdc_updateable": true,
          "type": "string",
          "name": "StageName"
        },
        "toggle_hint": "Select from list",
        "type": "string",
        "sfdc_createable": true,
        "sfdc_updateable": true
      },
      {
        "control_type": "date_time",
        "custom": false,
        "label": "System Modstamp",
        "name": "SystemModstamp",
        "optional": true,
        "parse_output": "parse_iso8601_timestamp",
        "type": "date_time",
        "render_input": "render_iso8601_timestamp",
        "sfdc_createable": false,
        "sfdc_updateable": false
      },
      {
        "control_type": "checkbox",
        "custom": false,
        "label": "Won",
        "name": "IsWon",
        "optional": true,
        "parse_output": {
        },
        "toggle_field": {
          "label": "Won",
          "control_type": "text",
          "toggle_hint": "Use custom value",
          "optional": true,
          "custom": false,
          "sfdc_createable": false,
          "sfdc_updateable": false,
          "type": "boolean",
          "name": "IsWon"
        },
        "toggle_hint": "Select from option list",
        "type": "boolean",
        "render_input": {
        },
        "sfdc_createable": false,
        "sfdc_updateable": false
      },
      {
        "control_type": "text",
        "custom": true,
        "label": "Current Generator(s)",
        "name": "CurrentGenerators__c",
        "optional": true,
        "type": "string",
        "sfdc_createable": true,
        "sfdc_updateable": true
      },
      {
        "control_type": "select",
        "custom": true,
        "label": "Delivery/Installation Status",
        "name": "DeliveryInstallationStatus__c",
        "optional": true,
        "pick_list": "sobject_field_values_list",
        "pick_list_params": {
          "sobject_name": "\"Opportunity\"",
          "field_name": "\"DeliveryInstallationStatus__c\""
        },
        "toggle_field": {
          "control_type": "text",
          "label": "Delivery/Installation Status",
          "toggle_hint": "Enter custom value",
          "optional": true,
          "custom": true,
          "sfdc_createable": true,
          "sfdc_updateable": true,
          "type": "string",
          "name": "DeliveryInstallationStatus__c"
        },
        "toggle_hint": "Select from list",
        "type": "string",
        "sfdc_createable": true,
        "sfdc_updateable": true
      },
      {
        "control_type": "text",
        "custom": true,
        "label": "Main Competitor(s)",
        "name": "MainCompetitors__c",
        "optional": true,
        "type": "string",
        "sfdc_createable": true,
        "sfdc_updateable": true
      },
      {
        "control_type": "text",
        "custom": true,
        "label": "Order Number",
        "name": "OrderNumber__c",
        "optional": true,
        "type": "string",
        "sfdc_createable": true,
        "sfdc_updateable": true
      },
      {
        "control_type": "text",
        "custom": true,
        "label": "Tracking Number",
        "name": "TrackingNumber__c",
        "optional": true,
        "type": "string",
        "sfdc_createable": true,
        "sfdc_updateable": true
      },
      {
        "label": "Combined attachments",
        "name": "CombinedAttachments",
        "properties": [
          {
            "control_type": "number",
            "label": "Total size",
            "parse_output": "integer_conversion",
            "type": "integer",
            "name": "totalSize"
          },
          {
            "name": "records",
            "type": "array",
            "of": "object",
            "label": "Files",
            "properties": [
              {
                "control_type": "text",
                "label": "ID",
                "type": "string",
                "name": "Id"
              },
              {
                "control_type": "number",
                "label": "Content size",
                "parse_output": "integer_conversion",
                "type": "integer",
                "name": "ContentSize"
              },
              {
                "control_type": "url",
                "label": "Content URL",
                "type": "string",
                "name": "ContentUrl"
              },
              {
                "control_type": "text",
                "label": "File extension",
                "type": "string",
                "name": "FileExtension"
              },
              {
                "control_type": "text",
                "label": "File type",
                "type": "string",
                "name": "FileType"
              },
              {
                "control_type": "text",
                "label": "Parent ID",
                "type": "string",
                "name": "ParentId"
              },
              {
                "control_type": "text",
                "label": "Record type",
                "type": "string",
                "name": "RecordType"
              },
              {
                "control_type": "text",
                "label": "Title",
                "type": "string",
                "name": "Title"
              }
            ]
          }
        ],
        "type": "object",
        "sfdc_field_type": "CombinedAttachment"
      }
    ],
    "extended_input_schema": [
      {
        "control_type": "select",
        "default": -3600,
        "hint": "When starting the recipe for the first time, picks up Salesforce records from the specified date and time. <b>Once the recipe has been run or tested, this value cannot be changed.</b>",
        "label": "When first started, this recipe should pick up events from",
        "name": "since_offset",
        "pick_list": [
          [
            "Recipe start",
            0
          ],
          [
            "An hour ago",
            -3600
          ],
          [
            "Yesterday",
            -86400
          ],
          [
            "Last week",
            -604800
          ],
          [
            "Last month",
            -2629746
          ],
          [
            "Beginning of time",
            "no_limit"
          ]
        ],
        "since_field": true,
        "toggle_field": {
          "control_type": "date_time",
          "label": "When first started, this recipe should pick up events from",
          "render_input": "convert_date_time",
          "parse_output": "convert_date_time",
          "toggle_hint": "Enter custom value",
          "since_field": true,
          "hint": "When starting the recipe for the first time, picks up Salesforce records from the specified date and time. <b>Once the recipe has been run or tested, this value cannot be changed.</b>",
          "type": "date_time",
          "name": "since"
        },
        "toggle_hint": "Select from list",
        "type": "string"
      }
    ],
    "block": [
      {
        "number": 1,
        "provider": "salesforce",
        "name": "search_sobjects",
        "as": "b3a39c70",
        "title": "Search Contacts",
        "description": "Search for <span class=\"provider\">Contacts</span> in <span class=\"provider\">Salesforce</span>",
        "keyword": "action",
        "dynamicPickListSelection": {
          "sobject_name": "Contact",
          "field_list": [
            {
              "label": "Email",
              "value": "Email"
            }
          ]
        },
        "input": {
          "limit": "150",
          "sobject_name": "Contact",
          "field_list": "Email",
          "Email": "akhilelka1999@gmail.com"
        },
        "extended_output_schema": [
          {
            "label": "Contacts",
            "name": "Contact",
            "of": "object",
            "properties": [
              {
                "control_type": "text",
                "label": "Email",
                "optional": true,
                "custom": false,
                "sfdc_createable": true,
                "sfdc_updateable": true,
                "type": "string",
                "name": "Email"
              },
              {
                "properties": [
                  {
                    "control_type": "number",
                    "label": "Total size",
                    "parse_output": "integer_conversion",
                    "type": "integer",
                    "name": "totalSize"
                  },
                  {
                    "name": "records",
                    "type": "array",
                    "of": "object",
                    "label": "Files",
                    "properties": [
                      {
                        "control_type": "text",
                        "label": "ID",
                        "type": "string",
                        "name": "Id"
                      },
                      {
                        "control_type": "number",
                        "label": "Content size",
                        "parse_output": "integer_conversion",
                        "type": "integer",
                        "name": "ContentSize"
                      },
                      {
                        "control_type": "url",
                        "label": "Content URL",
                        "type": "string",
                        "name": "ContentUrl"
                      },
                      {
                        "control_type": "text",
                        "label": "File extension",
                        "type": "string",
                        "name": "FileExtension"
                      },
                      {
                        "control_type": "text",
                        "label": "File type",
                        "type": "string",
                        "name": "FileType"
                      },
                      {
                        "control_type": "text",
                        "label": "Parent ID",
                        "type": "string",
                        "name": "ParentId"
                      },
                      {
                        "control_type": "text",
                        "label": "Record type",
                        "type": "string",
                        "name": "RecordType"
                      },
                      {
                        "control_type": "text",
                        "label": "Title",
                        "type": "string",
                        "name": "Title"
                      }
                    ]
                  }
                ],
                "label": "Combined attachments",
                "sfdc_field_type": "CombinedAttachment",
                "type": "object",
                "name": "CombinedAttachments"
              }
            ],
            "type": "array"
          },
          {
            "control_type": "number",
            "label": "List size",
            "name": "list_size",
            "parse_output": "integer_conversion",
            "type": "integer"
          }
        ],
        "extended_input_schema": [
          {
            "control_type": "text",
            "custom": false,
            "label": "Account ID",
            "name": "AccountId",
            "optional": true,
            "type": "string",
            "sfdc_createable": true,
            "sfdc_updateable": true
          },
          {
            "control_type": "text",
            "custom": false,
            "label": "Assistant's Name",
            "name": "AssistantName",
            "optional": true,
            "type": "string",
            "sfdc_createable": true,
            "sfdc_updateable": true
          },
          {
            "control_type": "phone",
            "custom": false,
            "label": "Asst. Phone",
            "name": "AssistantPhone",
            "optional": true,
            "type": "string",
            "sfdc_createable": true,
            "sfdc_updateable": true
          },
          {
            "control_type": "date",
            "custom": false,
            "label": "Birthdate",
            "name": "Birthdate",
            "optional": true,
            "parse_output": "parse_iso8601_date",
            "type": "date_time",
            "render_input": "render_iso8601_date",
            "sfdc_createable": true,
            "sfdc_updateable": true
          },
          {
            "control_type": "phone",
            "custom": false,
            "label": "Business Fax",
            "name": "Fax",
            "optional": true,
            "type": "string",
            "sfdc_createable": true,
            "sfdc_updateable": true
          },
          {
            "control_type": "phone",
            "custom": false,
            "label": "Business Phone",
            "name": "Phone",
            "optional": true,
            "type": "string",
            "sfdc_createable": true,
            "sfdc_updateable": true
          },
          {
            "control_type": "select",
            "custom": false,
            "label": "Clean Status",
            "name": "CleanStatus",
            "optional": true,
            "pick_list": "sobject_field_values_list",
            "pick_list_params": {
              "sobject_name": "\"Contact\"",
              "field_name": "\"CleanStatus\""
            },
            "toggle_field": {
              "control_type": "text",
              "label": "Clean Status",
              "toggle_hint": "Enter custom value",
              "optional": true,
              "custom": false,
              "sfdc_createable": true,
              "sfdc_updateable": true,
              "type": "string",
              "name": "CleanStatus"
            },
            "toggle_hint": "Select from list",
            "type": "string",
            "sfdc_createable": true,
            "sfdc_updateable": true
          },
          {
            "control_type": "text",
            "custom": false,
            "label": "Contact ID",
            "name": "Id",
            "optional": true,
            "type": "string",
            "sfdc_createable": false,
            "sfdc_updateable": false
          },
          {
            "control_type": "text",
            "custom": false,
            "label": "Created By ID",
            "name": "CreatedById",
            "optional": true,
            "type": "string",
            "sfdc_createable": false,
            "sfdc_updateable": false
          },
          {
            "control_type": "date_time",
            "custom": false,
            "label": "Created Date",
            "name": "CreatedDate",
            "optional": true,
            "parse_output": "parse_iso8601_timestamp",
            "type": "date_time",
            "render_input": "render_iso8601_timestamp",
            "sfdc_createable": false,
            "sfdc_updateable": false
          },
          {
            "control_type": "text",
            "custom": false,
            "label": "Data.com Key",
            "name": "Jigsaw",
            "optional": true,
            "type": "string",
            "sfdc_createable": true,
            "sfdc_updateable": true
          },
          {
            "control_type": "checkbox",
            "custom": false,
            "label": "Deleted",
            "name": "IsDeleted",
            "optional": true,
            "parse_output": {
            },
            "toggle_field": {
              "label": "Deleted",
              "control_type": "text",
              "toggle_hint": "Use custom value",
              "optional": true,
              "custom": false,
              "sfdc_createable": false,
              "sfdc_updateable": false,
              "type": "boolean",
              "name": "IsDeleted"
            },
            "toggle_hint": "Select from option list",
            "type": "boolean",
            "render_input": {
            },
            "sfdc_createable": false,
            "sfdc_updateable": false
          },
          {
            "control_type": "text",
            "custom": false,
            "label": "Department",
            "name": "Department",
            "optional": true,
            "type": "string",
            "sfdc_createable": true,
            "sfdc_updateable": true
          },
          {
            "control_type": "text",
            "custom": false,
            "label": "Email",
            "name": "Email",
            "optional": true,
            "sticky": true,
            "type": "string",
            "sfdc_createable": true,
            "sfdc_updateable": true
          },
          {
            "control_type": "date_time",
            "custom": false,
            "label": "Email Bounced Date",
            "name": "EmailBouncedDate",
            "optional": true,
            "parse_output": "parse_iso8601_timestamp",
            "type": "date_time",
            "render_input": "render_iso8601_timestamp",
            "sfdc_createable": true,
            "sfdc_updateable": true
          },
          {
            "control_type": "text",
            "custom": false,
            "label": "Email Bounced Reason",
            "name": "EmailBouncedReason",
            "optional": true,
            "type": "string",
            "sfdc_createable": true,
            "sfdc_updateable": true
          },
          {
            "control_type": "text",
            "custom": false,
            "label": "First Name",
            "name": "FirstName",
            "optional": true,
            "type": "string",
            "sfdc_createable": true,
            "sfdc_updateable": true
          },
          {
            "control_type": "text",
            "custom": false,
            "label": "Full Name",
            "name": "Name",
            "optional": true,
            "type": "string",
            "event_title": true,
            "sfdc_createable": false,
            "sfdc_updateable": false
          },
          {
            "control_type": "phone",
            "custom": false,
            "label": "Home Phone",
            "name": "HomePhone",
            "optional": true,
            "type": "string",
            "sfdc_createable": true,
            "sfdc_updateable": true
          },
          {
            "control_type": "text",
            "custom": false,
            "label": "Individual ID",
            "name": "IndividualId",
            "optional": true,
            "type": "string",
            "sfdc_createable": true,
            "sfdc_updateable": true
          },
          {
            "control_type": "checkbox",
            "custom": false,
            "label": "Is Email Bounced",
            "name": "IsEmailBounced",
            "optional": true,
            "parse_output": {
            },
            "toggle_field": {
              "label": "Is Email Bounced",
              "control_type": "text",
              "toggle_hint": "Use custom value",
              "optional": true,
              "custom": false,
              "sfdc_createable": false,
              "sfdc_updateable": false,
              "type": "boolean",
              "name": "IsEmailBounced"
            },
            "toggle_hint": "Select from option list",
            "type": "boolean",
            "render_input": {
            },
            "sfdc_createable": false,
            "sfdc_updateable": false
          },
          {
            "control_type": "text",
            "custom": false,
            "label": "Jigsaw Contact ID",
            "name": "JigsawContactId",
            "optional": true,
            "type": "string",
            "sfdc_createable": false,
            "sfdc_updateable": false
          },
          {
            "control_type": "date",
            "custom": false,
            "label": "Last Activity",
            "name": "LastActivityDate",
            "optional": true,
            "parse_output": "parse_iso8601_date",
            "type": "date_time",
            "render_input": "render_iso8601_date",
            "sfdc_createable": false,
            "sfdc_updateable": false
          },
          {
            "control_type": "text",
            "custom": false,
            "label": "Last Modified By ID",
            "name": "LastModifiedById",
            "optional": true,
            "type": "string",
            "sfdc_createable": false,
            "sfdc_updateable": false
          },
          {
            "control_type": "date_time",
            "custom": false,
            "label": "Last Modified Date",
            "name": "LastModifiedDate",
            "optional": true,
            "parse_output": "parse_iso8601_timestamp",
            "type": "date_time",
            "render_input": "render_iso8601_timestamp",
            "sfdc_createable": false,
            "sfdc_updateable": false
          },
          {
            "control_type": "text",
            "custom": false,
            "label": "Last Name",
            "name": "LastName",
            "optional": true,
            "type": "string",
            "sfdc_createable": true,
            "sfdc_updateable": true
          },
          {
            "control_type": "date_time",
            "custom": false,
            "label": "Last Referenced Date",
            "name": "LastReferencedDate",
            "optional": true,
            "parse_output": "parse_iso8601_timestamp",
            "type": "date_time",
            "render_input": "render_iso8601_timestamp",
            "sfdc_createable": false,
            "sfdc_updateable": false
          },
          {
            "control_type": "date_time",
            "custom": false,
            "label": "Last Stay-in-Touch Request Date",
            "name": "LastCURequestDate",
            "optional": true,
            "parse_output": "parse_iso8601_timestamp",
            "type": "date_time",
            "render_input": "render_iso8601_timestamp",
            "sfdc_createable": false,
            "sfdc_updateable": false
          },
          {
            "control_type": "date_time",
            "custom": false,
            "label": "Last Stay-in-Touch Save Date",
            "name": "LastCUUpdateDate",
            "optional": true,
            "parse_output": "parse_iso8601_timestamp",
            "type": "date_time",
            "render_input": "render_iso8601_timestamp",
            "sfdc_createable": false,
            "sfdc_updateable": false
          },
          {
            "control_type": "date_time",
            "custom": false,
            "label": "Last Viewed Date",
            "name": "LastViewedDate",
            "optional": true,
            "parse_output": "parse_iso8601_timestamp",
            "type": "date_time",
            "render_input": "render_iso8601_timestamp",
            "sfdc_createable": false,
            "sfdc_updateable": false
          },
          {
            "control_type": "select",
            "custom": false,
            "label": "Lead Source",
            "name": "LeadSource",
            "optional": true,
            "pick_list": "sobject_field_values_list",
            "pick_list_params": {
              "sobject_name": "\"Contact\"",
              "field_name": "\"LeadSource\""
            },
            "toggle_field": {
              "control_type": "text",
              "label": "Lead Source",
              "toggle_hint": "Enter custom value",
              "optional": true,
              "custom": false,
              "sfdc_createable": true,
              "sfdc_updateable": true,
              "type": "string",
              "name": "LeadSource"
            },
            "toggle_hint": "Select from list",
            "type": "string",
            "sfdc_createable": true,
            "sfdc_updateable": true
          },
          {
            "control_type": "text",
            "custom": false,
            "label": "Mailing City",
            "name": "MailingCity",
            "optional": true,
            "type": "string",
            "sfdc_createable": true,
            "sfdc_updateable": true
          },
          {
            "control_type": "text",
            "custom": false,
            "label": "Mailing Country",
            "name": "MailingCountry",
            "optional": true,
            "type": "string",
            "sfdc_createable": true,
            "sfdc_updateable": true
          },
          {
            "control_type": "select",
            "custom": false,
            "label": "Mailing Geocode Accuracy",
            "name": "MailingGeocodeAccuracy",
            "optional": true,
            "pick_list": "sobject_field_values_list",
            "pick_list_params": {
              "sobject_name": "\"Contact\"",
              "field_name": "\"MailingGeocodeAccuracy\""
            },
            "toggle_field": {
              "control_type": "text",
              "label": "Mailing Geocode Accuracy",
              "toggle_hint": "Enter custom value",
              "optional": true,
              "custom": false,
              "sfdc_createable": true,
              "sfdc_updateable": true,
              "type": "string",
              "name": "MailingGeocodeAccuracy"
            },
            "toggle_hint": "Select from list",
            "type": "string",
            "sfdc_createable": true,
            "sfdc_updateable": true
          },
          {
            "control_type": "number",
            "custom": false,
            "label": "Mailing Latitude",
            "name": "MailingLatitude",
            "optional": true,
            "parse_output": "float_conversion",
            "type": "number",
            "sfdc_createable": true,
            "sfdc_updateable": true
          },
          {
            "control_type": "number",
            "custom": false,
            "label": "Mailing Longitude",
            "name": "MailingLongitude",
            "optional": true,
            "parse_output": "float_conversion",
            "type": "number",
            "sfdc_createable": true,
            "sfdc_updateable": true
          },
          {
            "control_type": "text",
            "custom": false,
            "label": "Mailing State/Province",
            "name": "MailingState",
            "optional": true,
            "type": "string",
            "sfdc_createable": true,
            "sfdc_updateable": true
          },
          {
            "control_type": "text-area",
            "custom": false,
            "label": "Mailing Street",
            "name": "MailingStreet",
            "optional": true,
            "type": "string",
            "sfdc_createable": true,
            "sfdc_updateable": true
          },
          {
            "control_type": "text",
            "custom": false,
            "label": "Mailing Zip/Postal Code",
            "name": "MailingPostalCode",
            "optional": true,
            "type": "string",
            "sfdc_createable": true,
            "sfdc_updateable": true
          },
          {
            "control_type": "text",
            "custom": false,
            "label": "Master Record ID",
            "name": "MasterRecordId",
            "optional": true,
            "type": "string",
            "sfdc_createable": false,
            "sfdc_updateable": false
          },
          {
            "control_type": "phone",
            "custom": false,
            "label": "Mobile Phone",
            "name": "MobilePhone",
            "optional": true,
            "type": "string",
            "sfdc_createable": true,
            "sfdc_updateable": true
          },
          {
            "control_type": "text",
            "custom": false,
            "label": "Other City",
            "name": "OtherCity",
            "optional": true,
            "type": "string",
            "sfdc_createable": true,
            "sfdc_updateable": true
          },
          {
            "control_type": "text",
            "custom": false,
            "label": "Other Country",
            "name": "OtherCountry",
            "optional": true,
            "type": "string",
            "sfdc_createable": true,
            "sfdc_updateable": true
          },
          {
            "control_type": "select",
            "custom": false,
            "label": "Other Geocode Accuracy",
            "name": "OtherGeocodeAccuracy",
            "optional": true,
            "pick_list": "sobject_field_values_list",
            "pick_list_params": {
              "sobject_name": "\"Contact\"",
              "field_name": "\"OtherGeocodeAccuracy\""
            },
            "toggle_field": {
              "control_type": "text",
              "label": "Other Geocode Accuracy",
              "toggle_hint": "Enter custom value",
              "optional": true,
              "custom": false,
              "sfdc_createable": true,
              "sfdc_updateable": true,
              "type": "string",
              "name": "OtherGeocodeAccuracy"
            },
            "toggle_hint": "Select from list",
            "type": "string",
            "sfdc_createable": true,
            "sfdc_updateable": true
          },
          {
            "control_type": "number",
            "custom": false,
            "label": "Other Latitude",
            "name": "OtherLatitude",
            "optional": true,
            "parse_output": "float_conversion",
            "type": "number",
            "sfdc_createable": true,
            "sfdc_updateable": true
          },
          {
            "control_type": "number",
            "custom": false,
            "label": "Other Longitude",
            "name": "OtherLongitude",
            "optional": true,
            "parse_output": "float_conversion",
            "type": "number",
            "sfdc_createable": true,
            "sfdc_updateable": true
          },
          {
            "control_type": "phone",
            "custom": false,
            "label": "Other Phone",
            "name": "OtherPhone",
            "optional": true,
            "type": "string",
            "sfdc_createable": true,
            "sfdc_updateable": true
          },
          {
            "control_type": "text",
            "custom": false,
            "label": "Other State/Province",
            "name": "OtherState",
            "optional": true,
            "type": "string",
            "sfdc_createable": true,
            "sfdc_updateable": true
          },
          {
            "control_type": "text-area",
            "custom": false,
            "label": "Other Street",
            "name": "OtherStreet",
            "optional": true,
            "type": "string",
            "sfdc_createable": true,
            "sfdc_updateable": true
          },
          {
            "control_type": "text",
            "custom": false,
            "label": "Other Zip/Postal Code",
            "name": "OtherPostalCode",
            "optional": true,
            "type": "string",
            "sfdc_createable": true,
            "sfdc_updateable": true
          },
          {
            "control_type": "text",
            "custom": false,
            "label": "Owner ID",
            "name": "OwnerId",
            "optional": true,
            "type": "string",
            "sfdc_createable": true,
            "sfdc_updateable": true
          },
          {
            "control_type": "url",
            "custom": false,
            "label": "Photo URL",
            "name": "PhotoUrl",
            "optional": true,
            "type": "string",
            "sfdc_createable": false,
            "sfdc_updateable": false
          },
          {
            "control_type": "text",
            "custom": false,
            "label": "Reports To ID",
            "name": "ReportsToId",
            "optional": true,
            "type": "string",
            "sfdc_createable": true,
            "sfdc_updateable": true
          },
          {
            "control_type": "select",
            "custom": false,
            "label": "Salutation",
            "name": "Salutation",
            "optional": true,
            "pick_list": "sobject_field_values_list",
            "pick_list_params": {
              "sobject_name": "\"Contact\"",
              "field_name": "\"Salutation\""
            },
            "toggle_field": {
              "control_type": "text",
              "label": "Salutation",
              "toggle_hint": "Enter custom value",
              "optional": true,
              "custom": false,
              "sfdc_createable": true,
              "sfdc_updateable": true,
              "type": "string",
              "name": "Salutation"
            },
            "toggle_hint": "Select from list",
            "type": "string",
            "sfdc_createable": true,
            "sfdc_updateable": true
          },
          {
            "control_type": "date_time",
            "custom": false,
            "label": "System Modstamp",
            "name": "SystemModstamp",
            "optional": true,
            "parse_output": "parse_iso8601_timestamp",
            "type": "date_time",
            "render_input": "render_iso8601_timestamp",
            "sfdc_createable": false,
            "sfdc_updateable": false
          },
          {
            "control_type": "text",
            "custom": false,
            "label": "Title",
            "name": "Title",
            "optional": true,
            "type": "string",
            "sfdc_createable": true,
            "sfdc_updateable": true
          },
          {
            "control_type": "text",
            "custom": true,
            "label": "Languages",
            "name": "Languages__c",
            "optional": true,
            "type": "string",
            "sfdc_createable": true,
            "sfdc_updateable": true
          },
          {
            "control_type": "select",
            "custom": true,
            "label": "Level",
            "name": "Level__c",
            "optional": true,
            "pick_list": "sobject_field_values_list",
            "pick_list_params": {
              "sobject_name": "\"Contact\"",
              "field_name": "\"Level__c\""
            },
            "toggle_field": {
              "control_type": "text",
              "label": "Level",
              "toggle_hint": "Enter custom value",
              "optional": true,
              "custom": true,
              "sfdc_createable": true,
              "sfdc_updateable": true,
              "type": "string",
              "name": "Level__c"
            },
            "toggle_hint": "Select from list",
            "type": "string",
            "sfdc_createable": true,
            "sfdc_updateable": true
          },
          {
            "control_type": "checkbox",
            "disable_formula": true,
            "extends_schema": true,
            "hint": "Select <b>Yes</b> to obtain data from notes, attachments and files associated to the queried records. Default value is <b>Yes</b>.",
            "label": "Select combined attachments",
            "name": "include_combined_attachments",
            "optional": true,
            "parse_output": {
            },
            "support_pills": false,
            "type": "boolean",
            "render_input": {
            }
          }
        ],
        "uuid": "d01effed-23b7-4c39-a020-b8ec2e4253b3"
      },
      {
        "number": 2,
        "provider": "salesforce",
        "name": "create_custom_object",
        "as": "e2aa85e0",
        "title": "Create Case",
        "description": "Create <span class=\"provider\">Case</span> in <span class=\"provider\">Salesforce</span>",
        "keyword": "action",
        "dynamicPickListSelection": {
          "sobject_name": "Case",
          "Priority": "High",
          "Status": "New"
        },
        "input": {
          "sobject_name": "Case",
          "AccountId": "#{_dp('{\"pill_type\":\"output\",\"provider\":\"salesforce\",\"line\":\"5d24c08c\",\"path\":[\"AccountId\"]}')}",
          "ContactId": "#{_dp('{\"pill_type\":\"output\",\"provider\":\"salesforce\",\"line\":\"5d24c08c\",\"path\":[\"ContactId\"]}')}",
          "Description": "#{_dp('{\"pill_type\":\"output\",\"provider\":\"salesforce\",\"line\":\"5d24c08c\",\"path\":[\"Description\"]}')}",
          "Priority": "High",
          "Status": "New",
          "Subject": "#{_dp('{\"pill_type\":\"output\",\"provider\":\"salesforce\",\"line\":\"5d24c08c\",\"path\":[\"Name\"]}')}-onboarding"
        },
        "extended_input_schema": [
          {
            "control_type": "text",
            "hint": "Leave empty to apply default assignment rules; enter special value <b>false</b> to apply no rules; or pass in specific rule ID",
            "label": "Assignment rule ID",
            "name": "assignment_rule_id",
            "optional": true,
            "type": "string"
          },
          {
            "control_type": "text",
            "custom": false,
            "label": "Account ID",
            "name": "AccountId",
            "optional": true,
            "sticky": true,
            "type": "string",
            "sfdc_createable": true,
            "sfdc_updateable": true
          },
          {
            "control_type": "text",
            "custom": false,
            "label": "Asset ID",
            "name": "AssetId",
            "optional": true,
            "type": "string",
            "sfdc_createable": true,
            "sfdc_updateable": true
          },
          {
            "control_type": "select",
            "custom": false,
            "label": "Case Origin",
            "name": "Origin",
            "optional": true,
            "pick_list": "sobject_field_values_list",
            "pick_list_params": {
              "sobject_name": "\"Case\"",
              "field_name": "\"Origin\""
            },
            "sticky": true,
            "toggle_field": {
              "control_type": "text",
              "label": "Case Origin",
              "toggle_hint": "Enter custom value",
              "optional": true,
              "custom": false,
              "sfdc_createable": true,
              "sfdc_updateable": true,
              "type": "string",
              "name": "Origin"
            },
            "toggle_hint": "Select from list",
            "type": "string",
            "sfdc_createable": true,
            "sfdc_updateable": true
          },
          {
            "control_type": "select",
            "custom": false,
            "label": "Case Reason",
            "name": "Reason",
            "optional": true,
            "pick_list": "sobject_field_values_list",
            "pick_list_params": {
              "sobject_name": "\"Case\"",
              "field_name": "\"Reason\""
            },
            "toggle_field": {
              "control_type": "text",
              "label": "Case Reason",
              "toggle_hint": "Enter custom value",
              "optional": true,
              "custom": false,
              "sfdc_createable": true,
              "sfdc_updateable": true,
              "type": "string",
              "name": "Reason"
            },
            "toggle_hint": "Select from list",
            "type": "string",
            "sfdc_createable": true,
            "sfdc_updateable": true
          },
          {
            "control_type": "text",
            "custom": false,
            "label": "Case Source ID",
            "name": "SourceId",
            "optional": true,
            "type": "string",
            "sfdc_createable": true,
            "sfdc_updateable": true
          },
          {
            "control_type": "select",
            "custom": false,
            "label": "Case Type",
            "name": "Type",
            "optional": true,
            "pick_list": "sobject_field_values_list",
            "pick_list_params": {
              "sobject_name": "\"Case\"",
              "field_name": "\"Type\""
            },
            "sticky": true,
            "toggle_field": {
              "control_type": "text",
              "label": "Case Type",
              "toggle_hint": "Enter custom value",
              "optional": true,
              "custom": false,
              "sfdc_createable": true,
              "sfdc_updateable": true,
              "type": "string",
              "name": "Type"
            },
            "toggle_hint": "Select from list",
            "type": "string",
            "sfdc_createable": true,
            "sfdc_updateable": true
          },
          {
            "control_type": "text",
            "custom": false,
            "label": "Company",
            "name": "SuppliedCompany",
            "optional": true,
            "type": "string",
            "sfdc_createable": true,
            "sfdc_updateable": true
          },
          {
            "control_type": "text",
            "custom": false,
            "label": "Contact ID",
            "name": "ContactId",
            "optional": true,
            "sticky": true,
            "type": "string",
            "sfdc_createable": true,
            "sfdc_updateable": true
          },
          {
            "control_type": "text-area",
            "custom": false,
            "label": "Description",
            "name": "Description",
            "optional": true,
            "sticky": true,
            "type": "string",
            "sfdc_createable": true,
            "sfdc_updateable": true
          },
          {
            "control_type": "text",
            "custom": false,
            "label": "Email Address",
            "name": "SuppliedEmail",
            "optional": true,
            "type": "string",
            "sfdc_createable": true,
            "sfdc_updateable": true
          },
          {
            "control_type": "checkbox",
            "custom": false,
            "label": "Escalated",
            "name": "IsEscalated",
            "optional": true,
            "parse_output": {
            },
            "toggle_field": {
              "label": "Escalated",
              "control_type": "text",
              "toggle_hint": "Use custom value",
              "optional": true,
              "custom": false,
              "sfdc_createable": true,
              "sfdc_updateable": true,
              "type": "boolean",
              "name": "IsEscalated"
            },
            "toggle_hint": "Select from option list",
            "type": "boolean",
            "render_input": {
            },
            "sfdc_createable": true,
            "sfdc_updateable": true
          },
          {
            "control_type": "text-area",
            "custom": false,
            "label": "Internal Comments",
            "name": "Comments",
            "optional": true,
            "type": "string",
            "sfdc_createable": true,
            "sfdc_updateable": true
          },
          {
            "control_type": "text",
            "custom": false,
            "label": "Name",
            "name": "SuppliedName",
            "optional": true,
            "type": "string",
            "sfdc_createable": true,
            "sfdc_updateable": true
          },
          {
            "control_type": "text",
            "custom": false,
            "label": "Owner ID",
            "name": "OwnerId",
            "optional": true,
            "sticky": true,
            "type": "string",
            "sfdc_createable": true,
            "sfdc_updateable": true
          },
          {
            "control_type": "text",
            "custom": false,
            "label": "Parent Case ID",
            "name": "ParentId",
            "optional": true,
            "type": "string",
            "sfdc_createable": true,
            "sfdc_updateable": true
          },
          {
            "control_type": "text",
            "custom": false,
            "label": "Phone",
            "name": "SuppliedPhone",
            "optional": true,
            "type": "string",
            "sfdc_createable": true,
            "sfdc_updateable": true
          },
          {
            "control_type": "select",
            "custom": false,
            "label": "Priority",
            "name": "Priority",
            "optional": true,
            "pick_list": "sobject_field_values_list",
            "pick_list_params": {
              "sobject_name": "\"Case\"",
              "field_name": "\"Priority\""
            },
            "sticky": true,
            "toggle_field": {
              "control_type": "text",
              "label": "Priority",
              "toggle_hint": "Enter custom value",
              "optional": true,
              "custom": false,
              "sfdc_createable": true,
              "sfdc_updateable": true,
              "type": "string",
              "name": "Priority"
            },
            "toggle_hint": "Select from list",
            "type": "string",
            "sfdc_createable": true,
            "sfdc_updateable": true
          },
          {
            "control_type": "select",
            "custom": false,
            "label": "Status",
            "name": "Status",
            "optional": true,
            "pick_list": "sobject_field_values_list",
            "pick_list_params": {
              "sobject_name": "\"Case\"",
              "field_name": "\"Status\""
            },
            "sticky": true,
            "toggle_field": {
              "control_type": "text",
              "label": "Status",
              "toggle_hint": "Enter custom value",
              "optional": true,
              "custom": false,
              "sfdc_createable": true,
              "sfdc_updateable": true,
              "type": "string",
              "name": "Status"
            },
            "toggle_hint": "Select from list",
            "type": "string",
            "sfdc_createable": true,
            "sfdc_updateable": true
          },
          {
            "control_type": "text",
            "custom": false,
            "label": "Subject",
            "name": "Subject",
            "optional": true,
            "sticky": true,
            "type": "string",
            "sfdc_createable": true,
            "sfdc_updateable": true
          },
          {
            "control_type": "text",
            "custom": true,
            "label": "Engineering Req Number",
            "name": "EngineeringReqNumber__c",
            "optional": true,
            "type": "string",
            "sfdc_createable": true,
            "sfdc_updateable": true
          },
          {
            "control_type": "select",
            "custom": true,
            "label": "Potential Liability",
            "name": "PotentialLiability__c",
            "optional": true,
            "pick_list": "sobject_field_values_list",
            "pick_list_params": {
              "sobject_name": "\"Case\"",
              "field_name": "\"PotentialLiability__c\""
            },
            "toggle_field": {
              "control_type": "text",
              "label": "Potential Liability",
              "toggle_hint": "Enter custom value",
              "optional": true,
              "custom": true,
              "sfdc_createable": true,
              "sfdc_updateable": true,
              "type": "string",
              "name": "PotentialLiability__c"
            },
            "toggle_hint": "Select from list",
            "type": "string",
            "sfdc_createable": true,
            "sfdc_updateable": true
          },
          {
            "control_type": "select",
            "custom": true,
            "label": "Product",
            "name": "Product__c",
            "optional": true,
            "pick_list": "sobject_field_values_list",
            "pick_list_params": {
              "sobject_name": "\"Case\"",
              "field_name": "\"Product__c\""
            },
            "toggle_field": {
              "control_type": "text",
              "label": "Product",
              "toggle_hint": "Enter custom value",
              "optional": true,
              "custom": true,
              "sfdc_createable": true,
              "sfdc_updateable": true,
              "type": "string",
              "name": "Product__c"
            },
            "toggle_hint": "Select from list",
            "type": "string",
            "sfdc_createable": true,
            "sfdc_updateable": true
          },
          {
            "control_type": "select",
            "custom": true,
            "label": "SLA Violation",
            "name": "SLAViolation__c",
            "optional": true,
            "pick_list": "sobject_field_values_list",
            "pick_list_params": {
              "sobject_name": "\"Case\"",
              "field_name": "\"SLAViolation__c\""
            },
            "toggle_field": {
              "control_type": "text",
              "label": "SLA Violation",
              "toggle_hint": "Enter custom value",
              "optional": true,
              "custom": true,
              "sfdc_createable": true,
              "sfdc_updateable": true,
              "type": "string",
              "name": "SLAViolation__c"
            },
            "toggle_hint": "Select from list",
            "type": "string",
            "sfdc_createable": true,
            "sfdc_updateable": true
          }
        ],
        "uuid": "393d969b-d157-4e0e-b886-0f946d98cbe3"
      }
    ],
    "uuid": "06360cc9-f91f-44e3-90d1-8ce9e90175c2",
    "unfinished": false
  },
  "config": [
    {
      "keyword": "application",
      "provider": "salesforce",
      "skip_validation": false,
      "account_id": {
        "zip_name": "Automation Pro Training/Pro1/my_salesforce_account.connection.json",
        "name": "My Salesforce account",
        "folder": "Automation Pro Training/Pro1"
      }
    }
  ]
}