{
  "name": "salesforce to Gsheet",
  "description": "",
  "version": 4,
  "private": true,
  "concurrency": 1,
  "code": {
    "number": 0,
    "provider": "salesforce",
    "name": "updated_custom_object",
    "as": "19052462",
    "title": "New/updated Opportunity",
    "description": "New/updated <span class=\"provider\">Opportunity</span> in <span class=\"provider\">Salesforce</span>",
    "keyword": "trigger",
    "dynamicPickListSelection": {
      "sobject_name": "Opportunity"
    },
    "input": {
      "sobject_name": "Opportunity",
      "since_offset": "-3600"
    },
    "extended_output_schema": [
      {
        "control_type": "text",
        "custom": false,
        "fetch_with": "get_custom_object(id, sobject_name: Account)",
        "label": "Account ID",
        "name": "AccountId",
        "optional": true,
        "type": "string",
        "foreign_key": "Account",
        "join_point_label": "Account",
        "sfdc_createable": true,
        "sfdc_updateable": true
      },
      {
        "fetch_with": "get_custom_object(AccountId>id, sobject_name: Account)",
        "join_point": true,
        "label": "Account",
        "name": "get_custom_object+AccountId",
        "properties": [

        ],
        "type": "object"
      },
      {
        "control_type": "number",
        "custom": false,
        "label": "Amount",
        "name": "Amount",
        "optional": true,
        "parse_output": "float_conversion",
        "type": "number",
        "sfdc_createable": true,
        "sfdc_updateable": true
      },
      {
        "control_type": "text",
        "custom": false,
        "fetch_with": "get_custom_object(id, sobject_name: Campaign)",
        "label": "Campaign ID",
        "name": "CampaignId",
        "optional": true,
        "type": "string",
        "foreign_key": "Campaign",
        "join_point_label": "Campaign",
        "sfdc_createable": true,
        "sfdc_updateable": true
      },
      {
        "fetch_with": "get_custom_object(CampaignId>id, sobject_name: Campaign)",
        "join_point": true,
        "label": "Campaign",
        "name": "get_custom_object+CampaignId",
        "properties": [

        ],
        "type": "object"
      },
      {
        "control_type": "date",
        "custom": false,
        "label": "Close Date",
        "name": "CloseDate",
        "parse_output": "parse_iso8601_date",
        "type": "date_time",
        "render_input": "render_iso8601_date",
        "sfdc_createable": true,
        "sfdc_updateable": true
      },
      {
        "control_type": "checkbox",
        "custom": false,
        "label": "Closed",
        "name": "IsClosed",
        "optional": true,
        "parse_output": {
        },
        "toggle_field": {
          "label": "Closed",
          "control_type": "text",
          "toggle_hint": "Use custom value",
          "optional": true,
          "custom": false,
          "sfdc_createable": false,
          "sfdc_updateable": false,
          "type": "boolean",
          "name": "IsClosed"
        },
        "toggle_hint": "Select from option list",
        "type": "boolean",
        "render_input": {
        },
        "sfdc_createable": false,
        "sfdc_updateable": false
      },
      {
        "control_type": "text",
        "custom": false,
        "label": "Contact ID",
        "name": "ContactId",
        "optional": true,
        "type": "string",
        "sfdc_createable": true,
        "sfdc_updateable": false
      },
      {
        "control_type": "text",
        "custom": false,
        "fetch_with": "get_custom_object(id, sobject_name: User)",
        "label": "Created By ID",
        "name": "CreatedById",
        "optional": true,
        "type": "string",
        "foreign_key": "User",
        "join_point_label": "Created  by",
        "sfdc_createable": false,
        "sfdc_updateable": false
      },
      {
        "fetch_with": "get_custom_object(CreatedById>id, sobject_name: User)",
        "join_point": true,
        "label": "Created  by",
        "name": "get_custom_object+CreatedById",
        "properties": [

        ],
        "type": "object"
      },
      {
        "control_type": "date_time",
        "custom": false,
        "label": "Created Date",
        "name": "CreatedDate",
        "optional": true,
        "parse_output": "parse_iso8601_timestamp",
        "type": "date_time",
        "render_input": "render_iso8601_timestamp",
        "sfdc_createable": false,
        "sfdc_updateable": false
      },
      {
        "control_type": "checkbox",
        "custom": false,
        "label": "Deleted",
        "name": "IsDeleted",
        "optional": true,
        "parse_output": {
        },
        "toggle_field": {
          "label": "Deleted",
          "control_type": "text",
          "toggle_hint": "Use custom value",
          "optional": true,
          "custom": false,
          "sfdc_createable": false,
          "sfdc_updateable": false,
          "type": "boolean",
          "name": "IsDeleted"
        },
        "toggle_hint": "Select from option list",
        "type": "boolean",
        "render_input": {
        },
        "sfdc_createable": false,
        "sfdc_updateable": false
      },
      {
        "control_type": "text-area",
        "custom": false,
        "label": "Description",
        "name": "Description",
        "optional": true,
        "type": "string",
        "sfdc_createable": true,
        "sfdc_updateable": true
      },
      {
        "control_type": "number",
        "custom": false,
        "label": "Expected Amount",
        "name": "ExpectedRevenue",
        "optional": true,
        "parse_output": "float_conversion",
        "type": "number",
        "sfdc_createable": false,
        "sfdc_updateable": false
      },
      {
        "control_type": "text",
        "custom": false,
        "label": "Fiscal Period",
        "name": "Fiscal",
        "optional": true,
        "type": "string",
        "sfdc_createable": false,
        "sfdc_updateable": false
      },
      {
        "control_type": "number",
        "custom": false,
        "label": "Fiscal Quarter",
        "name": "FiscalQuarter",
        "optional": true,
        "parse_output": "integer_conversion",
        "type": "integer",
        "sfdc_createable": false,
        "sfdc_updateable": false
      },
      {
        "control_type": "number",
        "custom": false,
        "label": "Fiscal Year",
        "name": "FiscalYear",
        "optional": true,
        "parse_output": "integer_conversion",
        "type": "integer",
        "sfdc_createable": false,
        "sfdc_updateable": false
      },
      {
        "control_type": "select",
        "custom": false,
        "label": "Forecast Category",
        "name": "ForecastCategory",
        "pick_list": "sobject_field_values_list",
        "pick_list_params": {
          "sobject_name": "\"Opportunity\"",
          "field_name": "\"ForecastCategory\""
        },
        "toggle_field": {
          "control_type": "text",
          "label": "Forecast Category",
          "toggle_hint": "Enter custom value",
          "custom": false,
          "sfdc_createable": false,
          "sfdc_updateable": false,
          "type": "string",
          "name": "ForecastCategory"
        },
        "toggle_hint": "Select from list",
        "type": "string",
        "sfdc_createable": false,
        "sfdc_updateable": false
      },
      {
        "control_type": "select",
        "custom": false,
        "label": "Forecast Category",
        "name": "ForecastCategoryName",
        "optional": true,
        "pick_list": "sobject_field_values_list",
        "pick_list_params": {
          "sobject_name": "\"Opportunity\"",
          "field_name": "\"ForecastCategoryName\""
        },
        "toggle_field": {
          "control_type": "text",
          "label": "Forecast Category",
          "toggle_hint": "Enter custom value",
          "optional": true,
          "custom": false,
          "sfdc_createable": true,
          "sfdc_updateable": true,
          "type": "string",
          "name": "ForecastCategoryName"
        },
        "toggle_hint": "Select from list",
        "type": "string",
        "sfdc_createable": true,
        "sfdc_updateable": true
      },
      {
        "control_type": "checkbox",
        "custom": false,
        "label": "Has Line Item",
        "name": "HasOpportunityLineItem",
        "optional": true,
        "parse_output": {
        },
        "toggle_field": {
          "label": "Has Line Item",
          "control_type": "text",
          "toggle_hint": "Use custom value",
          "optional": true,
          "custom": false,
          "sfdc_createable": false,
          "sfdc_updateable": false,
          "type": "boolean",
          "name": "HasOpportunityLineItem"
        },
        "toggle_hint": "Select from option list",
        "type": "boolean",
        "render_input": {
        },
        "sfdc_createable": false,
        "sfdc_updateable": false
      },
      {
        "control_type": "checkbox",
        "custom": false,
        "label": "Has Open Activity",
        "name": "HasOpenActivity",
        "optional": true,
        "parse_output": {
        },
        "toggle_field": {
          "label": "Has Open Activity",
          "control_type": "text",
          "toggle_hint": "Use custom value",
          "optional": true,
          "custom": false,
          "sfdc_createable": false,
          "sfdc_updateable": false,
          "type": "boolean",
          "name": "HasOpenActivity"
        },
        "toggle_hint": "Select from option list",
        "type": "boolean",
        "render_input": {
        },
        "sfdc_createable": false,
        "sfdc_updateable": false
      },
      {
        "control_type": "checkbox",
        "custom": false,
        "label": "Has Overdue Task",
        "name": "HasOverdueTask",
        "optional": true,
        "parse_output": {
        },
        "toggle_field": {
          "label": "Has Overdue Task",
          "control_type": "text",
          "toggle_hint": "Use custom value",
          "optional": true,
          "custom": false,
          "sfdc_createable": false,
          "sfdc_updateable": false,
          "type": "boolean",
          "name": "HasOverdueTask"
        },
        "toggle_hint": "Select from option list",
        "type": "boolean",
        "render_input": {
        },
        "sfdc_createable": false,
        "sfdc_updateable": false
      },
      {
        "control_type": "date",
        "custom": false,
        "label": "Last Activity",
        "name": "LastActivityDate",
        "optional": true,
        "parse_output": "parse_iso8601_date",
        "type": "date_time",
        "render_input": "render_iso8601_date",
        "sfdc_createable": false,
        "sfdc_updateable": false
      },
      {
        "control_type": "text",
        "custom": false,
        "fetch_with": "get_custom_object(id, sobject_name: User)",
        "label": "Last Modified By ID",
        "name": "LastModifiedById",
        "optional": true,
        "type": "string",
        "foreign_key": "User",
        "join_point_label": "Last  modified  by",
        "sfdc_createable": false,
        "sfdc_updateable": false
      },
      {
        "fetch_with": "get_custom_object(LastModifiedById>id, sobject_name: User)",
        "join_point": true,
        "label": "Last  modified  by",
        "name": "get_custom_object+LastModifiedById",
        "properties": [

        ],
        "type": "object"
      },
      {
        "control_type": "date_time",
        "custom": false,
        "label": "Last Modified Date",
        "name": "LastModifiedDate",
        "optional": true,
        "parse_output": "parse_iso8601_timestamp",
        "type": "date_time",
        "render_input": "render_iso8601_timestamp",
        "sfdc_createable": false,
        "sfdc_updateable": false
      },
      {
        "control_type": "date_time",
        "custom": false,
        "label": "Last Referenced Date",
        "name": "LastReferencedDate",
        "optional": true,
        "parse_output": "parse_iso8601_timestamp",
        "type": "date_time",
        "render_input": "render_iso8601_timestamp",
        "sfdc_createable": false,
        "sfdc_updateable": false
      },
      {
        "control_type": "date_time",
        "custom": false,
        "label": "Last Stage Change Date",
        "name": "LastStageChangeDate",
        "optional": true,
        "parse_output": "parse_iso8601_timestamp",
        "type": "date_time",
        "render_input": "render_iso8601_timestamp",
        "sfdc_createable": false,
        "sfdc_updateable": false
      },
      {
        "control_type": "date_time",
        "custom": false,
        "label": "Last Viewed Date",
        "name": "LastViewedDate",
        "optional": true,
        "parse_output": "parse_iso8601_timestamp",
        "type": "date_time",
        "render_input": "render_iso8601_timestamp",
        "sfdc_createable": false,
        "sfdc_updateable": false
      },
      {
        "control_type": "select",
        "custom": false,
        "label": "Lead Source",
        "name": "LeadSource",
        "optional": true,
        "pick_list": "sobject_field_values_list",
        "pick_list_params": {
          "sobject_name": "\"Opportunity\"",
          "field_name": "\"LeadSource\""
        },
        "toggle_field": {
          "control_type": "text",
          "label": "Lead Source",
          "toggle_hint": "Enter custom value",
          "optional": true,
          "custom": false,
          "sfdc_createable": true,
          "sfdc_updateable": true,
          "type": "string",
          "name": "LeadSource"
        },
        "toggle_hint": "Select from list",
        "type": "string",
        "sfdc_createable": true,
        "sfdc_updateable": true
      },
      {
        "control_type": "text",
        "custom": false,
        "label": "Name",
        "name": "Name",
        "type": "string",
        "event_title": true,
        "sfdc_createable": true,
        "sfdc_updateable": true
      },
      {
        "control_type": "text",
        "custom": false,
        "label": "Next Step",
        "name": "NextStep",
        "optional": true,
        "type": "string",
        "sfdc_createable": true,
        "sfdc_updateable": true
      },
      {
        "control_type": "text",
        "custom": false,
        "fetch_with": "get_custom_object(id, sobject_name: OpportunityHistory)",
        "label": "Opportunity History ID",
        "name": "LastAmountChangedHistoryId",
        "optional": true,
        "type": "string",
        "foreign_key": "OpportunityHistory",
        "join_point_label": "Opportunity  history",
        "sfdc_createable": false,
        "sfdc_updateable": false
      },
      {
        "fetch_with": "get_custom_object(LastAmountChangedHistoryId>id, sobject_name: OpportunityHistory)",
        "join_point": true,
        "label": "Opportunity  history",
        "name": "get_custom_object+LastAmountChangedHistoryId",
        "properties": [

        ],
        "type": "object"
      },
      {
        "control_type": "text",
        "custom": false,
        "fetch_with": "get_custom_object(id, sobject_name: OpportunityHistory)",
        "label": "Opportunity History ID",
        "name": "LastCloseDateChangedHistoryId",
        "optional": true,
        "type": "string",
        "foreign_key": "OpportunityHistory",
        "join_point_label": "Opportunity  history",
        "sfdc_createable": false,
        "sfdc_updateable": false
      },
      {
        "fetch_with": "get_custom_object(LastCloseDateChangedHistoryId>id, sobject_name: OpportunityHistory)",
        "join_point": true,
        "label": "Opportunity  history",
        "name": "get_custom_object+LastCloseDateChangedHistoryId",
        "properties": [

        ],
        "type": "object"
      },
      {
        "control_type": "text",
        "custom": false,
        "label": "Opportunity ID",
        "name": "Id",
        "optional": true,
        "type": "string",
        "key_scope": "Opportunity",
        "sfdc_createable": false,
        "sfdc_updateable": false
      },
      {
        "control_type": "select",
        "custom": false,
        "label": "Opportunity Type",
        "name": "Type",
        "optional": true,
        "pick_list": "sobject_field_values_list",
        "pick_list_params": {
          "sobject_name": "\"Opportunity\"",
          "field_name": "\"Type\""
        },
        "toggle_field": {
          "control_type": "text",
          "label": "Opportunity Type",
          "toggle_hint": "Enter custom value",
          "optional": true,
          "custom": false,
          "sfdc_createable": true,
          "sfdc_updateable": true,
          "type": "string",
          "name": "Type"
        },
        "toggle_hint": "Select from list",
        "type": "string",
        "sfdc_createable": true,
        "sfdc_updateable": true
      },
      {
        "control_type": "text",
        "custom": false,
        "fetch_with": "get_custom_object(id, sobject_name: User)",
        "label": "Owner ID",
        "name": "OwnerId",
        "optional": true,
        "type": "string",
        "foreign_key": "User",
        "join_point_label": "Owner",
        "sfdc_createable": true,
        "sfdc_updateable": true
      },
      {
        "fetch_with": "get_custom_object(OwnerId>id, sobject_name: User)",
        "join_point": true,
        "label": "Owner",
        "name": "get_custom_object+OwnerId",
        "properties": [

        ],
        "type": "object"
      },
      {
        "control_type": "text",
        "custom": false,
        "fetch_with": "get_custom_object(id, sobject_name: Pricebook2)",
        "label": "Price Book ID",
        "name": "Pricebook2Id",
        "optional": true,
        "type": "string",
        "foreign_key": "Pricebook2",
        "join_point_label": "Price  book",
        "sfdc_createable": true,
        "sfdc_updateable": true
      },
      {
        "fetch_with": "get_custom_object(Pricebook2Id>id, sobject_name: Pricebook2)",
        "join_point": true,
        "label": "Price  book",
        "name": "get_custom_object+Pricebook2Id",
        "properties": [

        ],
        "type": "object"
      },
      {
        "control_type": "checkbox",
        "custom": false,
        "label": "Private",
        "name": "IsPrivate",
        "optional": true,
        "parse_output": {
        },
        "toggle_field": {
          "label": "Private",
          "control_type": "text",
          "toggle_hint": "Use custom value",
          "optional": true,
          "custom": false,
          "sfdc_createable": true,
          "sfdc_updateable": true,
          "type": "boolean",
          "name": "IsPrivate"
        },
        "toggle_hint": "Select from option list",
        "type": "boolean",
        "render_input": {
        },
        "sfdc_createable": true,
        "sfdc_updateable": true
      },
      {
        "control_type": "text",
        "custom": false,
        "label": "Probability (%)",
        "name": "Probability",
        "optional": true,
        "type": "string",
        "sfdc_createable": true,
        "sfdc_updateable": true
      },
      {
        "control_type": "number",
        "custom": false,
        "label": "Push Count",
        "name": "PushCount",
        "optional": true,
        "parse_output": "integer_conversion",
        "type": "integer",
        "sfdc_createable": false,
        "sfdc_updateable": false
      },
      {
        "control_type": "number",
        "custom": false,
        "label": "Quantity",
        "name": "TotalOpportunityQuantity",
        "optional": true,
        "parse_output": "float_conversion",
        "type": "number",
        "sfdc_createable": true,
        "sfdc_updateable": true
      },
      {
        "control_type": "select",
        "custom": false,
        "label": "Stage",
        "name": "StageName",
        "pick_list": "sobject_field_values_list",
        "pick_list_params": {
          "sobject_name": "\"Opportunity\"",
          "field_name": "\"StageName\""
        },
        "toggle_field": {
          "control_type": "text",
          "label": "Stage",
          "toggle_hint": "Enter custom value",
          "custom": false,
          "sfdc_createable": true,
          "sfdc_updateable": true,
          "type": "string",
          "name": "StageName"
        },
        "toggle_hint": "Select from list",
        "type": "string",
        "sfdc_createable": true,
        "sfdc_updateable": true
      },
      {
        "control_type": "date_time",
        "custom": false,
        "label": "System Modstamp",
        "name": "SystemModstamp",
        "optional": true,
        "parse_output": "parse_iso8601_timestamp",
        "type": "date_time",
        "render_input": "render_iso8601_timestamp",
        "sfdc_createable": false,
        "sfdc_updateable": false
      },
      {
        "control_type": "checkbox",
        "custom": false,
        "label": "Won",
        "name": "IsWon",
        "optional": true,
        "parse_output": {
        },
        "toggle_field": {
          "label": "Won",
          "control_type": "text",
          "toggle_hint": "Use custom value",
          "optional": true,
          "custom": false,
          "sfdc_createable": false,
          "sfdc_updateable": false,
          "type": "boolean",
          "name": "IsWon"
        },
        "toggle_hint": "Select from option list",
        "type": "boolean",
        "render_input": {
        },
        "sfdc_createable": false,
        "sfdc_updateable": false
      },
      {
        "control_type": "text",
        "custom": true,
        "label": "Current Generator(s)",
        "name": "CurrentGenerators__c",
        "optional": true,
        "type": "string",
        "sfdc_createable": true,
        "sfdc_updateable": true
      },
      {
        "control_type": "select",
        "custom": true,
        "label": "Delivery/Installation Status",
        "name": "DeliveryInstallationStatus__c",
        "optional": true,
        "pick_list": "sobject_field_values_list",
        "pick_list_params": {
          "sobject_name": "\"Opportunity\"",
          "field_name": "\"DeliveryInstallationStatus__c\""
        },
        "toggle_field": {
          "control_type": "text",
          "label": "Delivery/Installation Status",
          "toggle_hint": "Enter custom value",
          "optional": true,
          "custom": true,
          "sfdc_createable": true,
          "sfdc_updateable": true,
          "type": "string",
          "name": "DeliveryInstallationStatus__c"
        },
        "toggle_hint": "Select from list",
        "type": "string",
        "sfdc_createable": true,
        "sfdc_updateable": true
      },
      {
        "control_type": "text",
        "custom": true,
        "label": "Main Competitor(s)",
        "name": "MainCompetitors__c",
        "optional": true,
        "type": "string",
        "sfdc_createable": true,
        "sfdc_updateable": true
      },
      {
        "control_type": "text",
        "custom": true,
        "label": "Order Number",
        "name": "OrderNumber__c",
        "optional": true,
        "type": "string",
        "sfdc_createable": true,
        "sfdc_updateable": true
      },
      {
        "control_type": "text",
        "custom": true,
        "label": "Tracking Number",
        "name": "TrackingNumber__c",
        "optional": true,
        "type": "string",
        "sfdc_createable": true,
        "sfdc_updateable": true
      },
      {
        "label": "Combined attachments",
        "name": "CombinedAttachments",
        "properties": [
          {
            "control_type": "number",
            "label": "Total size",
            "parse_output": "integer_conversion",
            "type": "integer",
            "name": "totalSize"
          },
          {
            "name": "records",
            "type": "array",
            "of": "object",
            "label": "Files",
            "properties": [
              {
                "control_type": "text",
                "label": "ID",
                "type": "string",
                "name": "Id"
              },
              {
                "control_type": "number",
                "label": "Content size",
                "parse_output": "integer_conversion",
                "type": "integer",
                "name": "ContentSize"
              },
              {
                "control_type": "url",
                "label": "Content URL",
                "type": "string",
                "name": "ContentUrl"
              },
              {
                "control_type": "text",
                "label": "File extension",
                "type": "string",
                "name": "FileExtension"
              },
              {
                "control_type": "text",
                "label": "File type",
                "type": "string",
                "name": "FileType"
              },
              {
                "control_type": "text",
                "label": "Parent ID",
                "type": "string",
                "name": "ParentId"
              },
              {
                "control_type": "text",
                "label": "Record type",
                "type": "string",
                "name": "RecordType"
              },
              {
                "control_type": "text",
                "label": "Title",
                "type": "string",
                "name": "Title"
              }
            ]
          }
        ],
        "type": "object",
        "sfdc_field_type": "CombinedAttachment"
      }
    ],
    "extended_input_schema": [
      {
        "control_type": "select",
        "default": -3600,
        "hint": "When starting the recipe for the first time, picks up Salesforce records from the specified date and time. <b>Once the recipe has been run or tested, this value cannot be changed.</b>",
        "label": "When first started, this recipe should pick up events from",
        "name": "since_offset",
        "pick_list": [
          [
            "Recipe start",
            0
          ],
          [
            "An hour ago",
            -3600
          ],
          [
            "Yesterday",
            -86400
          ],
          [
            "Last week",
            -604800
          ],
          [
            "Last month",
            -2629746
          ],
          [
            "Beginning of time",
            "no_limit"
          ]
        ],
        "since_field": true,
        "toggle_field": {
          "control_type": "date_time",
          "label": "When first started, this recipe should pick up events from",
          "render_input": "convert_date_time",
          "parse_output": "convert_date_time",
          "toggle_hint": "Enter custom value",
          "since_field": true,
          "hint": "When starting the recipe for the first time, picks up Salesforce records from the specified date and time. <b>Once the recipe has been run or tested, this value cannot be changed.</b>",
          "type": "date_time",
          "name": "since"
        },
        "toggle_hint": "Select from list",
        "type": "string"
      }
    ],
    "block": [
      {
        "number": 1,
        "provider": "google_sheets",
        "name": "add_spreadsheet_row_v4",
        "as": "05ea25a7",
        "title": null,
        "description": null,
        "keyword": "action",
        "dynamicPickListSelection": {
          "spreadsheet": "Customer Contact List"
        },
        "toggleCfg": {
          "is_top_left": true
        },
        "input": {
          "team_drives": "my_drive",
          "is_top_left": "false",
          "spreadsheet": "1v9nPKfwoE9j1pEavIhwslOJa_TKYWtPPIp2bs5dzJ7w",
          "sheet": "Sheet2",
          "data": {
            "col_3": "#{_dp('{\"pill_type\":\"output\",\"provider\":\"salesforce\",\"line\":\"19052462\",\"path\":[\"Id\"]}')}",
            "col_2": "#{_dp('{\"pill_type\":\"output\",\"provider\":\"salesforce\",\"line\":\"19052462\",\"path\":[\"Amount\"]}')}",
            "col_4": "#{_dp('{\"pill_type\":\"output\",\"provider\":\"salesforce\",\"line\":\"19052462\",\"path\":[\"CloseDate\"]}')}",
            "col_5": "#{_dp('{\"pill_type\":\"output\",\"provider\":\"salesforce\",\"line\":\"19052462\",\"path\":[\"StageName\"]}')}",
            "col_1": "#{_dp('{\"pill_type\":\"output\",\"provider\":\"salesforce\",\"line\":\"19052462\",\"path\":[\"AccountId\"]}')}"
          }
        },
        "extended_input_schema": [
          {
            "control_type": "select",
            "extends_schema": true,
            "hint": "Select a sheet to add row to. The sheet must have at least one header row. <a href='https://docs.workato.com/connectors/google-sheets/action-add-row.html#setting-up-the-google-sheet' target='_blank'>Learn more</a>",
            "label": "Sheet",
            "name": "sheet",
            "optional": false,
            "pick_list": [
              [
                "Sheet1",
                "Sheet1"
              ],
              [
                "Sheet2",
                "Sheet2"
              ]
            ],
            "toggle_field": {
              "control_type": "text",
              "label": "Sheet name",
              "toggle_hint": "Use sheet name",
              "extends_schema": true,
              "change_on_blur": true,
              "toggle_to_secondary_hint": "Use sheet name",
              "toggle_to_primary_hint": "Select a sheet",
              "hint": "Use <b>Sheet name</b> pill from the output of other Google Sheets’ triggers/actions. Or enter sheet name manually. The sheet must have at least 1 header row and 1 data row in input field.",
              "type": "string",
              "name": "sheet_name"
            },
            "toggle_hint": "Select a sheet",
            "type": "string"
          },
          {
            "hint": "Input values of the new row.",
            "label": "Columns",
            "name": "data",
            "properties": [
              {
                "control_type": "text",
                "label": "Opportunity Owner",
                "sticky": true,
                "optional": true,
                "type": "string",
                "name": "col_1"
              },
              {
                "control_type": "text",
                "label": "Amount",
                "sticky": true,
                "optional": true,
                "type": "string",
                "name": "col_2"
              },
              {
                "control_type": "text",
                "label": "Opportunity Name",
                "sticky": true,
                "optional": true,
                "type": "string",
                "name": "col_3"
              },
              {
                "control_type": "text",
                "label": "Close Date",
                "sticky": true,
                "optional": true,
                "type": "string",
                "name": "col_4"
              },
              {
                "control_type": "text",
                "label": "Stage",
                "sticky": true,
                "optional": true,
                "type": "string",
                "name": "col_5"
              }
            ],
            "type": "object"
          }
        ],
        "uuid": "7e42c515-011d-45a0-a217-b839a6afd835"
      }
    ],
    "uuid": "5063a8db-59a3-41e4-b629-4517ad9aebf2",
    "unfinished": false
  },
  "config": [
    {
      "keyword": "application",
      "provider": "salesforce",
      "skip_validation": false,
      "account_id": {
        "zip_name": "Automation Pro Training/Pro1/my_salesforce_account.connection.json",
        "name": "My Salesforce account",
        "folder": "Automation Pro Training/Pro1"
      }
    },
    {
      "keyword": "application",
      "provider": "google_sheets",
      "skip_validation": false,
      "account_id": {
        "zip_name": "Automation Pro Training/Pro1/my_google_sheets_account.connection.json",
        "name": "My Google Sheets account",
        "folder": "Automation Pro Training/Pro1"
      }
    }
  ]
}