{
  "name": "Send the notification once there is a non business entry in Google sheet",
  "description": "",
  "version": 10,
  "private": true,
  "concurrency": 1,
  "code": {
    "number": 0,
    "provider": "clock",
    "name": "scheduled_event",
    "as": "85a25357",
    "title": null,
    "description": "<span class=\"provider\">Trigger</span> every 5 minutes",
    "keyword": "trigger",
    "input": {
      "time_unit": "minutes",
      "trigger_every": "5"
    },
    "extended_input_schema": [
      {
        "control_type": "integer",
        "default": "5",
        "enforce_template_mode": true,
        "extends_schema": true,
        "hint": "Define repeating schedule. Enter whole numbers only.\n                        This field can be set to a minimum of 5 minutes.",
        "label": "Trigger every",
        "name": "trigger_every",
        "optional": false,
        "suffix": {
          "text": "minutes"
        },
        "type": "string"
      },
      {
        "control_type": "select",
        "hint": "Select the timezone to use. Leave it blank to use <b>{{authUser.account_timezone}}</b>",
        "label": "Timezone",
        "name": "timezone",
        "optional": true,
        "pick_list": "timezone_id_global_pick_list",
        "pick_list_connection_less": true,
        "type": "string"
      },
      {
        "control_type": "date_time",
        "enforce_template_mode": true,
        "extends_schema": true,
        "hint": "Set date and time to start or leave blank to start immediately. <b>Once recipe has been run or tested, value cannot be changed.</b>",
        "label": "Start after",
        "name": "start_after",
        "optional": true,
        "parse_output": "date_time_conversion",
        "since_field": true,
        "type": "date_time",
        "ignore_timezone": true,
        "render_input": "date_time_conversion"
      }
    ],
    "block": [
      {
        "number": 1,
        "provider": "google_sheets",
        "name": "get_spreadsheet_rows_v4",
        "as": "416ac745",
        "title": null,
        "description": null,
        "keyword": "action",
        "dynamicPickListSelection": {
          "spreadsheet": "Customer Contact List"
        },
        "input": {
          "team_drives": "my_drive",
          "spreadsheet": "1v9nPKfwoE9j1pEavIhwslOJa_TKYWtPPIp2bs5dzJ7w",
          "sheet": "Sheet6"
        },
        "extended_output_schema": [
          {
            "control_type": "text",
            "label": "Spreadsheet ID",
            "name": "spreadsheet_id",
            "type": "string"
          },
          {
            "control_type": "text",
            "label": "Spreadsheet name",
            "name": "spreadsheet_name",
            "type": "string"
          },
          {
            "control_type": "text",
            "label": "Sheet name",
            "name": "sheet",
            "type": "string"
          },
          {
            "label": "Rows",
            "name": "rows",
            "of": "object",
            "properties": [
              {
                "control_type": "number",
                "label": "Row number",
                "parse_output": "integer_conversion",
                "type": "integer",
                "name": "row_number"
              },
              {
                "control_type": "text",
                "label": "First Name",
                "old_name": "col_First_Name",
                "custom_attribute": 1,
                "type": "string",
                "name": "col_First Name"
              },
              {
                "control_type": "text",
                "label": "Last Name",
                "old_name": "col_Last_Name",
                "custom_attribute": 2,
                "type": "string",
                "name": "col_Last Name"
              },
              {
                "control_type": "text",
                "label": "Email Address",
                "old_name": "col_Email_Address",
                "custom_attribute": 3,
                "type": "string",
                "name": "col_Email Address"
              },
              {
                "control_type": "text",
                "label": "Status",
                "old_name": "col_Status",
                "custom_attribute": 4,
                "type": "string",
                "name": "col_Status"
              }
            ],
            "type": "array"
          }
        ],
        "extended_input_schema": [
          {
            "control_type": "select",
            "extends_schema": true,
            "hint": "Select a sheet to retrieve rows. The sheet must have at least one header row and one data row. <a href='https://docs.workato.com/connectors/google-sheets/action-add-row.html#setting-up-the-google-sheet' target='_blank'>Learn more</a>",
            "label": "Sheet",
            "name": "sheet",
            "optional": false,
            "pick_list": [
              [
                "Sheet1",
                "Sheet1"
              ],
              [
                "Sheet6",
                "Sheet6"
              ],
              [
                "Sheet2",
                "Sheet2"
              ],
              [
                "Sheet3",
                "Sheet3"
              ],
              [
                "Sheet4",
                "Sheet4"
              ],
              [
                "Sheet5",
                "Sheet5"
              ]
            ],
            "toggle_field": {
              "control_type": "text",
              "label": "Sheet name",
              "toggle_hint": "Use sheet name",
              "extends_schema": true,
              "change_on_blur": true,
              "toggle_to_secondary_hint": "Use sheet name",
              "toggle_to_primary_hint": "Select a sheet",
              "hint": "Use <b>Sheet name</b> pill from the output of other Google Sheets’ triggers/actions. Or enter sheet name manually. The sheet must have at least 1 header row and 1 data row in input field.",
              "type": "string",
              "name": "sheet_name"
            },
            "toggle_hint": "Select a sheet",
            "type": "string"
          },
          {
            "control_type": "text",
            "hint": "Provide range to retrieve rows from Sheet in the format <b>Start row:End row</b>. i.e. <b>2:2000</b> Note: Range should start from second row. Since first row is the header row.",
            "label": "Range",
            "name": "range",
            "optional": true,
            "sticky": true,
            "type": "string"
          }
        ],
        "uuid": "f635f93a-8011-407d-88df-bed53389460e"
      },
      {
        "number": 2,
        "as": "61ed01e2",
        "keyword": "foreach",
        "repeat_mode": "simple",
        "clear_scope": "false",
        "input": {
        },
        "block": [
          {
            "number": 3,
            "keyword": "try",
            "input": {
            },
            "block": [
              {
                "number": 4,
                "keyword": "if",
                "input": {
                  "type": "compound",
                  "operand": "and",
                  "conditions": [
                    {
                      "operand": "not_contains",
                      "lhs": "#{_dp('{\"pill_type\":\"output\",\"provider\":\"foreach\",\"line\":\"61ed01e2\",\"path\":[\"col_Email Address\"]}')}",
                      "rhs": "@gmail.com",
                      "uuid": "738c863e-995a-4fe0-a046-9e0e9002979d"
                    },
                    {
                      "operand": "not_contains",
                      "lhs": "#{_dp('{\"pill_type\":\"output\",\"provider\":\"foreach\",\"line\":\"61ed01e2\",\"path\":[\"col_Email Address\"]}')}",
                      "rhs": "@yahoo.com",
                      "uuid": "d7147813-a296-4d9b-be4a-c28768afa7b4"
                    }
                  ]
                },
                "block": [
                  {
                    "number": 5,
                    "provider": "email",
                    "name": "send_mail",
                    "as": "98548850",
                    "title": null,
                    "description": null,
                    "keyword": "action",
                    "input": {
                      "email_type": "plain_text",
                      "to": "akhilelka1999@gmail.com",
                      "subject": "=\"send the notification once there is a non business entry in Google sheet\".upcase",
                      "body": "there is a non business entry #{_dp('{\"pill_type\":\"output\",\"provider\":\"foreach\",\"line\":\"61ed01e2\",\"path\":[\"col_Email Address\"]}')} in Google sheet"
                    },
                    "uuid": "ab7bbc13-26e7-4899-914e-469d21229edf"
                  },
                  {
                    "number": 6,
                    "provider": "google_sheets",
                    "name": "update_row_v4_new",
                    "as": "d90f3e17",
                    "title": null,
                    "description": null,
                    "keyword": "action",
                    "dynamicPickListSelection": {
                      "team_drives": "My Drive",
                      "spreadsheet": "Customer Contact List"
                    },
                    "input": {
                      "team_drives": "my_drive",
                      "spreadsheet": "1v9nPKfwoE9j1pEavIhwslOJa_TKYWtPPIp2bs5dzJ7w",
                      "sheet": "Sheet6",
                      "data": {
                        "col_Status": "Please update business mail"
                      },
                      "row_number": "#{_dp('{\"pill_type\":\"output\",\"provider\":\"foreach\",\"line\":\"61ed01e2\",\"path\":[\"row_number\"]}')}"
                    },
                    "extended_output_schema": [
                      {
                        "label": "Columns",
                        "name": "columns",
                        "properties": [
                          {
                            "control_type": "text",
                            "label": "First Name",
                            "old_name": "col_First_Name",
                            "custom_attribute": 1,
                            "type": "string",
                            "name": "col_First Name"
                          },
                          {
                            "control_type": "text",
                            "label": "Last Name",
                            "old_name": "col_Last_Name",
                            "custom_attribute": 2,
                            "type": "string",
                            "name": "col_Last Name"
                          },
                          {
                            "control_type": "text",
                            "label": "Email Address",
                            "old_name": "col_Email_Address",
                            "custom_attribute": 3,
                            "type": "string",
                            "name": "col_Email Address"
                          },
                          {
                            "control_type": "text",
                            "label": "Status",
                            "old_name": "col_Status",
                            "custom_attribute": 4,
                            "type": "string",
                            "name": "col_Status"
                          }
                        ],
                        "type": "object"
                      }
                    ],
                    "extended_input_schema": [
                      {
                        "control_type": "select",
                        "extends_schema": true,
                        "hint": "Select a sheet to update row. The sheet must have at least one header row and one data row. <a href='https://docs.workato.com/connectors/google-sheets/action-add-row.html#setting-up-the-google-sheet' target='_blank'>Learn more</a>",
                        "label": "Sheet",
                        "name": "sheet",
                        "optional": false,
                        "pick_list": [
                          [
                            "Sheet1",
                            "Sheet1"
                          ],
                          [
                            "Sheet6",
                            "Sheet6"
                          ],
                          [
                            "Sheet2",
                            "Sheet2"
                          ],
                          [
                            "Sheet3",
                            "Sheet3"
                          ],
                          [
                            "Sheet4",
                            "Sheet4"
                          ],
                          [
                            "Sheet5",
                            "Sheet5"
                          ]
                        ],
                        "toggle_field": {
                          "control_type": "text",
                          "label": "Sheet name",
                          "toggle_hint": "Use sheet name",
                          "extends_schema": true,
                          "change_on_blur": true,
                          "toggle_to_secondary_hint": "Use sheet name",
                          "toggle_to_primary_hint": "Select a sheet",
                          "hint": "Use <b>Sheet name</b> pill from the output of other Google Sheets’ triggers/actions. Or enter sheet name manually. The sheet must have at least 1 header row and 1 data row in input field.",
                          "type": "string",
                          "name": "sheet_name"
                        },
                        "toggle_hint": "Select a sheet",
                        "type": "string"
                      },
                      {
                        "control_type": "text",
                        "hint": "Enter the row number of the row you want to update. Or use <b>Row number</b> data pill from the output of other Google Sheets’s triggers & actions.",
                        "label": "Row number",
                        "name": "row_number",
                        "optional": false,
                        "type": "string"
                      },
                      {
                        "hint": "Input new values to update the row.",
                        "label": "Columns",
                        "name": "data",
                        "properties": [
                          {
                            "control_type": "text",
                            "label": "First Name",
                            "optional": true,
                            "sticky": true,
                            "type": "string",
                            "name": "col_First Name"
                          },
                          {
                            "control_type": "text",
                            "label": "Last Name",
                            "optional": true,
                            "sticky": true,
                            "type": "string",
                            "name": "col_Last Name"
                          },
                          {
                            "control_type": "text",
                            "label": "Email Address",
                            "optional": true,
                            "sticky": true,
                            "type": "string",
                            "name": "col_Email Address"
                          },
                          {
                            "control_type": "text",
                            "label": "Status",
                            "optional": true,
                            "sticky": true,
                            "type": "string",
                            "name": "col_Status"
                          }
                        ],
                        "sticky": true,
                        "type": "object"
                      }
                    ],
                    "uuid": "4f775aa5-7bbe-492e-bcec-208d1e4c2e99"
                  },
                  {
                    "number": 7,
                    "keyword": "else",
                    "input": {
                    },
                    "block": [
                      {
                        "number": 8,
                        "provider": "logger",
                        "name": "log_message",
                        "as": "2865de27",
                        "title": null,
                        "description": "Log <span class=\"provider\">message</span> to <span class=\"provider\">Job report</span>",
                        "keyword": "action",
                        "input": {
                          "message": "there is a business entry #{_dp('{\"pill_type\":\"output\",\"provider\":\"foreach\",\"line\":\"61ed01e2\",\"path\":[\"col_Email Address\"]}')} in Google sheet"
                        },
                        "uuid": "0907a44d-b268-44ec-a692-ebca5fa65b21"
                      }
                    ],
                    "uuid": "c6188575-3b01-4e4e-8cbd-bc13277fbaf2"
                  }
                ],
                "uuid": "ac4ed540-76bd-4886-af68-4242e727f078"
              },
              {
                "number": 9,
                "as": "a18b4354",
                "keyword": "catch",
                "input": {
                  "max_retry_count": "3",
                  "retry_interval": "2"
                },
                "block": [
                  {
                    "number": 10,
                    "provider": "logger",
                    "name": "log_message",
                    "as": "99f0ac48",
                    "title": null,
                    "description": "Log <span class=\"provider\">message</span> to <span class=\"provider\">Job report</span>",
                    "keyword": "action",
                    "input": {
                      "message": "#{_dp('{\"pill_type\":\"output\",\"provider\":\"catch\",\"line\":\"a18b4354\",\"path\":[\"message\"]}')}"
                    },
                    "uuid": "2a856fe4-cac6-4e71-8baa-501b60822e56"
                  }
                ],
                "uuid": "821ceb5b-fcf8-489e-a8f4-e0c214d24034"
              }
            ],
            "uuid": "320d0234-245a-4eab-a324-ec6f53972284"
          }
        ],
        "source": "#{_dp('{\"pill_type\":\"output\",\"provider\":\"google_sheets\",\"line\":\"416ac745\",\"path\":[\"rows\"]}')}",
        "uuid": "75964cde-98c6-49da-b6ba-97cab321303a"
      }
    ],
    "uuid": "0eccccbf-08cb-4fc5-8c15-fa22428b1826",
    "unfinished": false
  },
  "config": [
    {
      "keyword": "application",
      "provider": "clock",
      "skip_validation": false,
      "account_id": null
    },
    {
      "keyword": "application",
      "provider": "google_sheets",
      "skip_validation": false,
      "account_id": {
        "zip_name": "Automation Pro Training/Pro1/my_google_sheets_account.connection.json",
        "name": "My Google Sheets account",
        "folder": "Automation Pro Training/Pro1"
      }
    },
    {
      "keyword": "application",
      "provider": "email",
      "skip_validation": false,
      "account_id": null
    },
    {
      "keyword": "application",
      "provider": "logger",
      "skip_validation": false,
      "account_id": null
    }
  ]
}