{
  "name": "Send notification email whenever there is a new file or folder on Google Drive",
  "description": "",
  "version": 8,
  "private": true,
  "concurrency": 1,
  "code": {
    "number": 0,
    "provider": "google_drive",
    "name": "new_file_or_folder",
    "as": "d4386549",
    "keyword": "trigger",
    "dynamicPickListSelection": {
      "folderId": {
        "ids": [
          "0AE0L35aKgCHGUk9PVA"
        ],
        "titles": [
          "My Drive"
        ]
      }
    },
    "toggleCfg": {
      "folderId": true
    },
    "input": {
      "folderId": "0AE0L35aKgCHGUk9PVA"
    },
    "block": [
      {
        "number": 1,
        "keyword": "try",
        "input": {
        },
        "block": [
          {
            "number": 2,
            "keyword": "if",
            "input": {
              "type": "compound",
              "operand": "and",
              "conditions": [
                {
                  "operand": "is_true",
                  "lhs": "#{_dp('{\"pill_type\":\"output\",\"provider\":\"google_drive\",\"line\":\"d4386549\",\"path\":[\"is_google_file\"]}')}",
                  "rhs": "",
                  "uuid": "82ce43fe-020d-4875-85ae-1f37d6d4001e"
                }
              ]
            },
            "block": [
              {
                "number": 3,
                "provider": "email",
                "name": "send_mail",
                "as": "903debfb",
                "keyword": "action",
                "input": {
                  "email_type": "plain_text",
                  "to": "akhilelka1999@gmail.com",
                  "subject": "New File Added to Google Drive",
                  "body": "new file is added"
                },
                "visible_config_fields": [
                  "to",
                  "subject",
                  "email_type",
                  "attachments.file_name",
                  "attachments.file_binary_content"
                ],
                "uuid": "75cd6b34-d717-4d92-93e1-88fc9d98a008"
              }
            ],
            "uuid": "f29fac99-6fa5-4889-baad-0a38908ab914"
          },
          {
            "number": 4,
            "provider": "email",
            "name": "send_mail",
            "as": "30e60c45",
            "keyword": "action",
            "input": {
              "email_type": "plain_text",
              "to": "akhilelka1999@gmail.com",
              "subject": "=\"there is a new folder on Google drive\".upcase",
              "body": "new folder is added."
            },
            "visible_config_fields": [
              "to",
              "subject",
              "email_type",
              "body",
              "attachments.file_binary_content",
              "attachments.file_name"
            ],
            "uuid": "66ac146c-282f-4ae0-ba78-51331040474e"
          },
          {
            "number": 5,
            "as": "300a07a5",
            "keyword": "catch",
            "input": {
              "max_retry_count": "3",
              "retry_interval": "2"
            },
            "block": [
              {
                "number": 6,
                "provider": "logger",
                "name": "log_message",
                "as": "8468fbf2",
                "title": null,
                "description": "Log <span class=\"provider\">message</span> to <span class=\"provider\">Job report</span>",
                "keyword": "action",
                "input": {
                  "message": "#{_dp('{\"pill_type\":\"output\",\"provider\":\"catch\",\"line\":\"300a07a5\",\"path\":[\"message\"]}')}"
                },
                "uuid": "11483af1-ae29-4eda-ac2a-198f57a89214"
              }
            ],
            "uuid": "b0163b40-7af5-43d6-b943-c8fc7f0e2dcb"
          }
        ],
        "uuid": "60beebaa-1cd5-4846-98b7-bf9d4e4dc126"
      }
    ],
    "uuid": "3b6af86f-4f60-468f-9ac6-75874f2f9ee5",
    "unfinished": false
  },
  "config": [
    {
      "keyword": "application",
      "provider": "google_drive",
      "skip_validation": false,
      "account_id": {
        "zip_name": "Automation Pro Training/Pro1/my_google_drive_account.connection.json",
        "name": "My Google Drive account",
        "folder": "Automation Pro Training/Pro1"
      }
    },
    {
      "keyword": "application",
      "provider": "email",
      "skip_validation": false,
      "account_id": null
    },
    {
      "keyword": "application",
      "provider": "logger",
      "skip_validation": false,
      "account_id": null
    }
  ]
}