{
  "name": "Send notification email whenever there is a new file on Google sheet",
  "description": "",
  "version": 6,
  "private": true,
  "concurrency": 1,
  "code": {
    "number": 0,
    "provider": "google_sheets",
    "name": "new_spreadsheet_row_v4",
    "as": "f92f0538",
    "title": null,
    "description": null,
    "keyword": "trigger",
    "dynamicPickListSelection": {
      "spreadsheet": "Customer Contact List"
    },
    "toggleCfg": {
      "spreadsheet": true,
      "sheet": true
    },
    "input": {
      "spreadsheet": "1v9nPKfwoE9j1pEavIhwslOJa_TKYWtPPIp2bs5dzJ7w",
      "sheet": "Sheet1"
    },
    "extended_output_schema": [
      {
        "label": "Columns",
        "name": "columns",
        "properties": [
          {
            "control_type": "text",
            "label": "First Name",
            "optional": true,
            "type": "string",
            "name": "col_1"
          },
          {
            "control_type": "text",
            "label": "Last Name",
            "optional": true,
            "type": "string",
            "name": "col_2"
          },
          {
            "control_type": "text",
            "label": "Email Address",
            "optional": true,
            "type": "string",
            "name": "col_3"
          }
        ],
        "type": "object"
      }
    ],
    "extended_input_schema": [
      {
        "control_type": "select",
        "extends_schema": true,
        "hint": "Select a sheet to monitor for a new row. The sheet must have at least one header row and one data row.",
        "label": "Sheet",
        "name": "sheet",
        "optional": false,
        "pick_list": [
          [
            "Sheet1",
            "Sheet1"
          ],
          [
            "Sheet2",
            "Sheet2"
          ],
          [
            "Sheet3",
            "Sheet3"
          ],
          [
            "Sheet4",
            "Sheet4"
          ]
        ],
        "toggle_field": {
          "control_type": "text",
          "label": "Sheet",
          "toggle_hint": "Use sheet name",
          "extends_schema": true,
          "change_on_blur": true,
          "toggle_to_secondary_hint": "Use sheet name",
          "toggle_to_primary_hint": "Select a sheet",
          "hint": "Enter the sheet name. The sheet must have at least one header row and one data row.",
          "type": "string",
          "name": "sheet"
        },
        "toggle_hint": "Select a sheet",
        "type": "string"
      },
      {
        "control_type": "checkbox",
        "extends_schema": true,
        "hint": "Default is <b>No</b>.<br>If <b>Yes</b>, add column names manually in the input field below.<br>If <b>No</b>, Workato will automatically get the first row in your sheet as column names.<br>",
        "label": "Add column names manually?",
        "name": "header_fl",
        "optional": true,
        "parse_output": {
        },
        "toggle_hint": "Select from option list",
        "type": "boolean",
        "render_input": {
        }
      }
    ],
    "block": [
      {
        "number": 1,
        "keyword": "try",
        "input": {
        },
        "block": [
          {
            "number": 2,
            "provider": "email",
            "name": "send_mail",
            "as": "db86903a",
            "keyword": "action",
            "input": {
              "email_type": "plain_text",
              "to": "akhilelka1999@gmail.com",
              "subject": "=\"there is a new file on Google sheet\".upcase",
              "body": "Hi Dear,\n\nIn your  #{_dp('{\"pill_type\":\"output\",\"provider\":\"google_sheets\",\"line\":\"f92f0538\",\"path\":[\"name\"]}')} Under the #{_dp('{\"pill_type\":\"output\",\"provider\":\"google_sheets\",\"line\":\"f92f0538\",\"path\":[\"sheet_name\"]}')}  New   #{_dp('{\"pill_type\":\"output\",\"provider\":\"google_sheets\",\"line\":\"f92f0538\",\"path\":[\"columns\",\"col_1\"]}')}, #{_dp('{\"pill_type\":\"output\",\"provider\":\"google_sheets\",\"line\":\"f92f0538\",\"path\":[\"columns\",\"col_2\"]}')} & #{_dp('{\"pill_type\":\"output\",\"provider\":\"google_sheets\",\"line\":\"f92f0538\",\"path\":[\"columns\",\"col_3\"]}')} is  added.\n\nThank you\nAkhil elka."
            },
            "uuid": "81a71ebf-3f94-473c-987d-3bcbdd28f5b1"
          },
          {
            "number": 3,
            "as": "e283fa94",
            "keyword": "catch",
            "input": {
              "max_retry_count": "3",
              "retry_interval": "2"
            },
            "block": [
              {
                "number": 4,
                "provider": "logger",
                "name": "log_message",
                "as": "a214ceab",
                "title": null,
                "description": "Log <span class=\"provider\">message</span> to <span class=\"provider\">Job report</span>",
                "keyword": "action",
                "input": {
                  "message": "#{_dp('{\"pill_type\":\"output\",\"provider\":\"catch\",\"line\":\"e283fa94\",\"path\":[\"message\"]}')}"
                },
                "uuid": "07098f3e-ce14-48bd-9805-a5677890d9f5"
              }
            ],
            "uuid": "3fe7a870-a5fb-4b83-92ba-1ba0e96fc706"
          }
        ],
        "uuid": "0aa835dc-3a3f-489a-8d49-db494c32a6b4"
      }
    ],
    "uuid": "c20a60d7-c6ec-46f4-93b3-f44e11f5e2c9",
    "unfinished": false
  },
  "config": [
    {
      "keyword": "application",
      "provider": "google_sheets",
      "skip_validation": false,
      "account_id": {
        "zip_name": "Automation Pro Training/Pro1/my_google_sheets_account.connection.json",
        "name": "My Google Sheets account",
        "folder": "Automation Pro Training/Pro1"
      }
    },
    {
      "keyword": "application",
      "provider": "email",
      "skip_validation": false,
      "account_id": null
    },
    {
      "keyword": "application",
      "provider": "logger",
      "skip_validation": false,
      "account_id": null
    }
  ]
}