{
  "name": "Send an email when non-business email is added to the customer contact list",
  "description": "",
  "version": 5,
  "private": true,
  "concurrency": 1,
  "code": {
    "number": 0,
    "provider": "google_sheets",
    "name": "updated_spreadsheet_row_v4_2",
    "as": "5426d9ff",
    "title": null,
    "description": null,
    "keyword": "trigger",
    "dynamicPickListSelection": {
      "spreadsheet": "Customer Contact List"
    },
    "toggleCfg": {
      "spreadsheet": true,
      "sheet": true
    },
    "input": {
      "spreadsheet": "1v9nPKfwoE9j1pEavIhwslOJa_TKYWtPPIp2bs5dzJ7w",
      "sheet": "Sheet1",
      "watchfield": "0"
    },
    "filter": {
      "conditions": [
        {
          "operand": "contains",
          "lhs": "#{_dp('{\"pill_type\":\"output\",\"provider\":\"google_sheets\",\"line\":\"5426d9ff\",\"path\":[\"columns\",\"col_3\"]}')}",
          "rhs": "@gmail.com",
          "uuid": "19634b7d-6a95-4762-a18d-ae3107bd14bf"
        },
        {
          "operand": "contains",
          "lhs": "#{_dp('{\"pill_type\":\"output\",\"provider\":\"google_sheets\",\"line\":\"5426d9ff\",\"path\":[\"columns\",\"col_3\"]}')}",
          "rhs": "@yahoo.com",
          "uuid": "98cac09c-67b4-4175-8264-71bc934fed78"
        }
      ],
      "operand": "or",
      "type": "compound"
    },
    "extended_output_schema": [
      {
        "label": "Columns",
        "name": "columns",
        "properties": [
          {
            "control_type": "text",
            "label": "First Name",
            "optional": true,
            "type": "string",
            "name": "col_1"
          },
          {
            "control_type": "text",
            "label": "Last Name",
            "optional": true,
            "type": "string",
            "name": "col_2"
          },
          {
            "control_type": "text",
            "label": "Email Address",
            "optional": true,
            "type": "string",
            "name": "col_3"
          }
        ],
        "type": "object"
      }
    ],
    "extended_input_schema": [
      {
        "control_type": "select",
        "extends_schema": true,
        "hint": "Select a sheet to monitor for new/updated row. The sheet must have at least one header row and one data row.",
        "label": "Sheet",
        "name": "sheet",
        "optional": false,
        "pick_list": [
          [
            "Sheet1",
            "Sheet1"
          ]
        ],
        "toggle_field": {
          "control_type": "text",
          "label": "Sheet",
          "toggle_hint": "Use sheet name",
          "extends_schema": true,
          "change_on_blur": true,
          "toggle_to_secondary_hint": "Use sheet name",
          "toggle_to_primary_hint": "Select a sheet",
          "hint": "Enter the sheet name. The sheet must have at least one header row and one data row.",
          "type": "string",
          "name": "sheet"
        },
        "toggle_hint": "Select a sheet",
        "type": "string"
      },
      {
        "control_type": "select",
        "hint": "Workato will monitor this column for changes. When a cell in this column changes value, the corresponding row will be consider as \"updated\" and triggers the recipe to run.",
        "label": "Column to monitor",
        "name": "watchfield",
        "optional": false,
        "pick_list": [
          [
            "All columns",
            0
          ],
          [
            "First Name",
            1
          ],
          [
            "Last Name",
            2
          ],
          [
            "Email Address",
            3
          ]
        ],
        "type": "string"
      },
      {
        "control_type": "checkbox",
        "extends_schema": true,
        "hint": "Default is <b>No</b>.<br>If <b>Yes</b>, add column names manually in the input field below.<br>If <b>No</b>, Workato will automatically get the first row in your sheet as column names.",
        "label": "Add column names manually?",
        "name": "header_fl",
        "optional": true,
        "parse_output": {
        },
        "toggle_hint": "Select from option list",
        "type": "boolean",
        "render_input": {
        }
      }
    ],
    "block": [
      {
        "number": 1,
        "provider": "email",
        "name": "send_mail",
        "as": "31b98d79",
        "keyword": "action",
        "input": {
          "email_type": "plain_text",
          "to": "akhilelka1999@gmail.com",
          "subject": "=\"New non business email address in coustomer contact list\".upcase ",
          "body": "Customer #{_dp('{\"pill_type\":\"output\",\"provider\":\"google_sheets\",\"line\":\"5426d9ff\",\"path\":[\"columns\",\"col_1\"]}')} #{_dp('{\"pill_type\":\"output\",\"provider\":\"google_sheets\",\"line\":\"5426d9ff\",\"path\":[\"columns\",\"col_2\"]}')} is upadted there email address to #{_dp('{\"pill_type\":\"output\",\"provider\":\"google_sheets\",\"line\":\"5426d9ff\",\"path\":[\"columns\",\"col_3\"]}')}."
        },
        "uuid": "858eb97b-e632-4f71-8d58-10c51b7ad727"
      }
    ],
    "job_report_schema": [
      {
        "name": "custom_column_0",
        "label": "Firstname"
      },
      {
        "name": "custom_column_1",
        "label": "lastname"
      }
    ],
    "job_report_config": {
      "custom_column_0": "#{_dp('{\"pill_type\":\"output\",\"provider\":\"google_sheets\",\"line\":\"5426d9ff\",\"path\":[\"columns\",\"col_1\"]}')}",
      "custom_column_1": "#{_dp('{\"pill_type\":\"output\",\"provider\":\"google_sheets\",\"line\":\"5426d9ff\",\"path\":[\"columns\",\"col_2\"]}')}"
    },
    "uuid": "57a5f164-2bb3-419c-a1e2-b4d4108c979b",
    "unfinished": false
  },
  "config": [
    {
      "keyword": "application",
      "provider": "google_sheets",
      "skip_validation": false,
      "account_id": {
        "zip_name": "Automation Pro Training/Pro1/my_google_sheets_account.connection.json",
        "name": "My Google Sheets account",
        "folder": "Automation Pro Training/Pro1"
      }
    },
    {
      "keyword": "application",
      "provider": "email",
      "skip_validation": false,
      "account_id": null
    }
  ]
}